Time,Pitch,Roll
0.037,0.23,-0.05
0.090,0.53,-0.10
0.140,0.80,-0.14
0.190,1.05,-0.17
0.240,1.29,-0.20
0.290,1.53,-0.22
0.340,1.75,-0.26
0.390,1.95,-0.25
0.440,2.15,-0.26
0.490,2.34,-0.30
0.540,2.52,-0.32
0.590,2.70,-0.35
0.640,2.87,-0.36
0.690,3.02,-0.40
0.740,3.17,-0.40
0.790,3.30,-0.43
0.840,3.44,-0.45
0.890,3.57,-0.45
0.940,3.69,-0.48
0.990,3.80,-0.50
1.040,3.92,-0.53
1.090,4.02,-0.53
1.140,4.12,-0.55
1.190,4.20,-0.57
1.240,4.28,-0.58
1.290,4.34,-0.59
1.340,4.41,-0.60
1.390,4.47,-0.62
1.440,4.54,-0.63
1.490,4.60,-0.62
1.550,4.67,-0.63
1.600,4.72,-0.65
1.650,4.76,-0.67
1.700,4.82,-0.71
1.750,4.86,-0.72
1.800,4.91,-0.73
1.850,4.96,-0.75
1.900,4.99,-0.77
1.950,5.05,-0.77
2.000,5.09,-0.75
2.050,5.14,-0.75
2.100,5.18,-0.75
2.150,5.23,-0.76
2.200,5.31,-0.75
2.250,5.35,-0.76
2.300,5.37,-0.76
2.350,5.40,-0.76
2.400,5.41,-0.76
2.450,5.44,-0.76
2.500,5.46,-0.77
2.550,5.50,-0.76
2.600,5.52,-0.77
2.650,5.53,-0.77
2.700,5.53,-0.77
2.750,5.61,-0.72
2.800,5.59,-0.76
2.850,5.33,-0.98
2.900,5.01,-0.69
2.950,5.06,-0.37
3.000,4.63,-1.52
3.100,4.55,-4.98
3.150,3.82,-4.76
3.200,3.59,-7.26
3.250,2.98,-8.72
3.300,2.18,-11.24
3.350,0.71,-14.38
3.400,-0.60,-17.14
3.450,-2.53,-21.11
3.500,-3.64,-23.39
3.550,-5.51,-26.81
3.600,-7.28,-29.83
3.650,-8.42,-31.70
3.700,-9.72,-33.79
3.750,-10.76,-36.07
3.800,-11.65,-39.02
3.850,-12.39,-42.46
3.900,-13.44,-47.79
3.950,-14.07,-52.11
4.000,-14.42,-54.90
4.050,-14.49,-57.15
4.100,-14.57,-59.09
4.150,-14.50,-60.77
4.200,-14.94,-61.64
4.250,-15.30,-63.41
4.300,-15.66,-66.25
4.350,-16.39,-68.00
4.450,-18.23,-67.16
4.500,-18.71,-66.85
4.550,-18.98,-65.25
4.600,-19.06,-62.85
4.650,-19.77,-57.00
4.700,-20.59,-51.47
4.750,-21.26,-45.26
4.800,-21.65,-40.46
4.850,-21.52,-38.75
4.900,-21.86,-32.84
4.950,-21.28,-26.88
5.000,-19.69,-24.41
5.050,-17.98,-17.63
5.100,-16.43,-12.77
5.150,-15.12,-8.41
5.200,-14.20,-3.47
5.250,-12.60,2.08
5.300,-12.22,6.57
5.350,-12.23,10.60
5.400,-11.84,16.56
5.450,-13.55,20.98
5.500,-15.77,25.29
5.550,-16.15,27.48
5.600,-17.00,30.98
5.650,-18.12,33.63
5.700,-18.44,35.87
5.800,-19.44,40.46
5.850,-19.17,41.31
5.900,-18.74,41.53
5.950,-18.65,41.85
6.000,-18.44,41.56
6.050,-18.09,39.83
6.100,-18.40,38.41
6.150,-18.33,38.03
6.200,-17.59,36.62
6.250,-16.87,34.81
6.300,-15.99,32.18
6.350,-15.75,29.58
6.400,-15.32,27.62
6.450,-15.27,25.30
6.500,-15.63,24.00
6.550,-15.45,22.47
6.600,-14.79,19.43
6.650,-14.89,16.65
6.700,-15.44,12.24
6.750,-16.15,6.73
6.800,-16.58,1.42
6.850,-15.91,-5.62
6.900,-14.78,-9.63
6.950,-13.42,-13.68
7.000,-11.53,-16.75
7.050,-9.81,-20.86
7.160,-4.11,-30.61
7.210,-2.60,-36.28
7.260,-1.28,-41.80
7.310,-0.72,-45.82
7.360,-0.48,-48.67
7.410,0.06,-52.23
7.460,0.44,-53.70
7.510,0.87,-53.21
7.560,2.04,-53.05
7.610,2.51,-52.43
7.660,2.52,-51.92
7.710,2.48,-50.18
7.760,3.72,-48.64
7.810,4.76,-45.47
7.860,5.00,-42.90
7.910,5.36,-39.71
7.960,5.15,-37.75
8.010,4.67,-35.44
8.060,3.30,-30.90
8.110,2.27,-25.73
8.160,1.37,-17.93
8.210,0.39,-12.98
8.260,-0.47,-7.08
8.310,-1.88,-0.70
8.360,-4.08,6.71
8.410,-5.69,11.36
8.460,-6.88,14.23
8.510,-9.09,17.28
8.620,-12.11,27.38
8.670,-14.85,31.00
8.720,-17.37,30.74
8.770,-17.29,29.77
8.820,-13.45,26.51
8.870,-12.36,23.45
8.920,-12.28,16.48
8.970,-14.44,11.33
9.020,-18.22,9.78
9.070,-18.85,8.53
9.120,-19.59,9.20
9.170,-21.00,9.46
9.220,-21.92,9.14
9.270,-25.12,9.25
9.320,-32.45,9.22
9.370,-32.18,9.12
9.420,-32.84,9.70
9.470,-34.72,9.19
9.520,-36.91,8.97
9.570,-41.10,9.01
9.620,-45.04,7.39
9.670,-47.61,8.56
9.720,-49.13,11.32
9.770,-51.30,11.90
9.820,-54.53,14.53
9.870,-55.45,13.58
9.920,-59.13,14.84
10.030,-64.39,18.56
10.080,-66.02,20.94
10.130,-67.20,23.10
10.180,-68.63,25.98
10.230,-69.36,28.34
10.280,-68.91,30.21
10.330,-68.15,31.47
10.380,-67.09,32.94
10.430,-67.69,36.19
10.480,-67.82,41.12
10.530,-57.50,44.49
10.580,-55.84,46.50
10.630,-53.89,47.25
10.680,-51.25,47.36
10.730,-47.50,45.16
10.780,-43.72,43.44
10.830,-33.36,44.85
10.880,-26.95,43.36
10.930,-22.56,39.31
10.980,-18.40,34.85
11.030,-14.75,30.30
11.080,-10.32,23.73
11.130,-9.07,15.96
11.180,-10.37,11.93
11.230,-11.05,8.62
11.360,-5.77,8.30
11.410,-3.08,8.36
11.460,0.37,7.51
11.510,2.66,6.82
11.560,4.89,8.67
11.610,5.85,7.94
11.660,7.20,7.09
11.710,8.20,7.16
11.760,8.51,11.35
11.810,7.73,13.87
11.860,6.66,13.98
11.910,3.20,12.99
11.960,-2.27,8.46
12.010,-3.80,5.54
12.060,-6.87,2.85
12.108,-9.63,0.43
12.158,-12.40,-2.00
12.208,-15.04,-4.31
12.258,-17.54,-6.50
12.308,-19.96,-8.61
12.358,-22.18,-10.56
12.408,-24.33,-12.44
12.458,-26.37,-14.23
12.508,-28.31,-15.93
12.558,-30.16,-17.55
12.608,-31.90,-19.07
12.658,-33.56,-20.53
12.828,-41.92,-27.57
12.878,-43.08,-28.59
12.928,-44.20,-29.59
12.978,-45.23,-30.50
13.028,-46.22,-31.39
13.078,-47.17,-32.23
13.128,-48.07,-33.02
13.178,-48.93,-33.79
13.228,-49.73,-34.50
13.278,-50.50,-35.18
13.328,-51.23,-35.83
13.378,-51.93,-36.45
13.428,-52.60,-37.05
13.478,-53.22,-37.60
13.528,-53.81,-38.12
13.578,-54.38,-38.63
13.628,-54.92,-39.10
13.678,-55.44,-39.57
13.728,-55.91,-39.99
13.778,-56.37,-40.40
13.828,-56.81,-40.79
13.878,-57.23,-41.16
13.928,-57.63,-41.52
13.978,-58.00,-41.84
14.078,-61.18,-44.52
14.128,-61.38,-44.70
14.178,-61.57,-44.87
14.228,-61.77,-45.05
14.278,-61.91,-45.19
14.328,-62.07,-45.34
14.378,-62.23,-45.48
14.428,-62.37,-45.62
14.478,-62.52,-45.76
14.528,-62.64,-45.87
14.578,-62.77,-45.98
14.628,-62.88,-46.09
14.678,-63.00,-46.20
14.728,-63.11,-46.31
14.778,-63.20,-46.39
14.828,-63.30,-46.48
14.878,-63.39,-46.57
14.928,-63.48,-46.65
14.978,-63.57,-46.73
15.028,-63.64,-46.80
15.078,-63.72,-46.86
15.128,-63.79,-46.93
15.178,-63.85,-46.99
15.228,-63.93,-47.06
15.328,-66.81,-49.47
15.378,-66.72,-49.40
15.428,-66.64,-49.34
15.478,-66.56,-49.28
15.528,-66.52,-49.24
15.578,-66.42,-49.17
15.628,-66.36,-49.12
15.678,-66.30,-49.08
15.728,-66.24,-49.03
15.778,-66.20,-49.00
15.828,-66.13,-48.95
15.878,-66.08,-48.91
15.928,-66.04,-48.87
15.978,-65.99,-48.84
16.028,-65.96,-48.81
16.078,-65.91,-48.77
16.128,-65.87,-48.74
16.178,-65.83,-48.72
16.228,-65.80,-48.69
16.278,-65.77,-48.67
16.328,-65.73,-48.64
16.378,-65.70,-48.62
16.428,-65.67,-48.59
16.478,-65.65,-48.57
16.688,-74.69,-56.11
16.738,-74.18,-55.69
16.788,-73.73,-55.32
16.838,-73.30,-54.96
16.888,-72.89,-54.62
16.938,-72.52,-54.31
16.988,-72.14,-53.99
17.038,-71.79,-53.70
17.088,-71.45,-53.43
17.138,-71.14,-53.16
17.188,-70.85,-52.92
17.238,-70.55,-52.68
17.288,-70.28,-52.45
17.338,-70.02,-52.24
17.388,-69.78,-52.04
17.438,-69.56,-51.85
17.488,-69.33,-51.66
17.538,-69.12,-51.49
17.588,-68.92,-51.32
17.638,-68.73,-51.16
17.688,-68.56,-51.02
17.738,-68.38,-50.87
17.788,-68.22,-50.74
17.838,-68.06,-50.61
17.938,-70.74,-52.85
17.988,-70.48,-52.63
18.038,-70.19,-52.39
18.088,-69.94,-52.18
18.138,-69.70,-51.98
18.188,-69.47,-51.79
18.238,-69.26,-51.62
18.288,-69.05,-51.44
18.338,-68.85,-51.27
18.388,-68.67,-51.12
18.438,-68.49,-50.97
18.488,-68.33,-50.84
18.538,-68.16,-50.70
18.588,-68.01,-50.57
18.638,-67.87,-50.45
18.688,-67.73,-50.34
18.738,-67.61,-50.24
18.788,-67.48,-50.13
18.838,-67.36,-50.03
18.888,-67.25,-49.94
18.938,-67.14,-49.85
18.988,-67.05,-49.78
19.038,-66.95,-49.69
19.088,-66.86,-49.61
19.198,-70.16,-52.37
19.248,-69.91,-52.16
19.298,-69.69,-51.98
19.348,-69.44,-51.77
19.398,-69.23,-51.59
19.448,-69.02,-51.42
19.498,-68.83,-51.26
19.548,-68.65,-51.11
19.598,-68.47,-50.96
19.648,-68.30,-50.82
19.698,-68.14,-50.69
19.748,-67.99,-50.56
19.798,-67.86,-50.45
19.848,-67.71,-50.33
19.898,-67.58,-50.22
19.948,-67.46,-50.12
19.998,-67.35,-50.02
20.048,-67.24,-49.94
20.098,-67.13,-49.84
20.148,-67.03,-49.76
20.198,-66.93,-49.68
20.248,-66.85,-49.60
20.298,-66.77,-49.54
20.348,-66.68,-49.47
20.468,-70.56,-52.70
20.518,-70.28,-52.47
20.568,-70.03,-52.26
20.618,-69.80,-52.07
20.668,-69.55,-51.86
20.718,-69.33,-51.67
20.770,-65.51,-49.16
20.820,-61.91,-46.78
20.870,-58.49,-44.53
20.920,-55.22,-42.39
20.970,-52.14,-40.40
21.020,-49.20,-38.48
21.070,-46.41,-36.67
21.120,-43.74,-34.91
21.170,-41.23,-33.24
21.220,-38.83,-31.64
21.270,-36.56,-30.19
22.317,-33.72,-29.74
22.370,-31.60,-28.24
22.420,-29.70,-26.94
22.470,-27.90,-25.66
22.520,-26.10,-24.31
22.570,-24.35,-23.83
22.620,-22.71,-22.79
22.740,-21.17,-21.71
22.790,-19.79,-20.68
22.840,-18.49,-19.72
22.890,-17.24,-18.78
22.940,-16.07,-17.88
22.990,-14.96,-17.06
23.040,-13.90,-16.25
23.090,-12.87,-15.50
23.140,-11.90,-14.79
23.190,-10.98,-14.08
23.240,-10.11,-13.42
23.290,-9.29,-12.80
23.340,-8.49,-12.22
23.390,-7.75,-11.67
23.440,-7.02,-11.12
23.490,-6.34,-10.64
23.540,-5.70,-10.14
23.590,-5.11,-9.69
23.640,-4.52,-9.28
23.690,-3.95,-8.87
23.740,-3.44,-8.46
23.790,-2.95,-8.10
23.840,-2.48,-7.74
23.890,-2.05,-7.43
23.940,-1.61,-7.13
24.100,-1.08,-6.86
24.150,-0.74,-6.56
24.200,-0.13,-5.87
24.250,0.48,-6.08
24.300,2.13,-10.96
24.350,1.68,-12.70
24.400,1.25,-15.18
24.450,1.00,-19.13
24.500,1.15,-24.91
24.550,1.56,-29.80
24.600,0.51,-34.90
24.650,0.43,-37.06
24.700,0.92,-38.61
24.750,1.20,-38.24
24.800,1.36,-36.57
24.850,1.71,-34.49
24.900,1.92,-31.75
24.950,1.59,-25.78
25.000,0.83,-18.42
25.050,0.14,-15.79
25.100,-0.39,-10.62
25.150,-1.24,-4.16
25.200,-2.28,0.39
25.250,-2.54,5.29
25.300,-3.61,9.01
25.350,-5.24,10.83
25.400,-5.57,14.79
25.500,-6.67,19.17
25.550,-6.85,20.65
25.600,-7.18,21.48
25.650,-7.15,21.79
25.700,-7.20,20.52
25.750,-7.49,16.70
25.800,-7.51,8.69
25.850,-7.55,-0.55
25.900,-7.41,-5.88
25.950,-7.42,-8.16
26.000,-7.79,-7.91
26.050,-8.97,-4.24
26.100,-11.24,-3.52
26.150,-14.02,-1.67
26.200,-16.66,2.76
26.250,-19.01,2.94
26.300,-22.55,4.49
26.350,-26.32,5.55
26.400,-28.74,6.77
26.450,-30.62,6.74
26.500,-31.82,6.33
26.550,-32.71,6.09
26.600,-32.69,5.62
26.650,-32.36,4.51
26.700,-31.60,2.36
26.750,-28.36,0.36
26.850,-18.86,0.16
26.900,-12.26,0.92
26.950,-7.35,0.71
27.000,6.43,4.46
27.050,10.31,7.85
27.100,10.29,7.45
27.150,10.07,6.71
27.200,10.18,6.13
27.250,10.39,5.48
27.300,10.69,4.69
27.350,10.56,4.17
27.400,10.14,3.76
27.450,9.65,3.47
27.500,9.47,3.05
27.550,9.15,3.13
27.600,8.90,3.04
27.650,9.16,2.52
27.700,9.03,2.17
27.750,8.89,1.98
27.800,8.68,1.92
27.850,8.51,1.38
27.900,8.35,1.08
27.950,8.26,0.79
28.000,8.14,0.67
28.050,8.05,0.57
28.100,7.94,0.43
28.150,7.83,0.29
28.200,7.76,0.22
28.250,7.67,0.12
28.350,7.64,0.05
28.400,7.56,-0.03
28.450,7.49,-0.15
28.500,7.40,-0.21
28.550,7.35,-0.27
28.600,7.28,-0.36
28.650,7.21,-0.46
28.700,7.14,-0.55
28.750,7.07,-0.62
28.800,7.02,-0.69
28.850,6.98,-0.78
28.900,6.93,-0.84
28.950,6.89,-0.92
29.000,6.82,-0.97
29.050,6.77,-1.01
29.100,6.74,-1.08
29.150,6.70,-1.14
29.200,6.66,-1.18
29.250,6.62,-1.21
29.300,6.58,-1.25
29.350,6.55,-1.28
29.400,6.50,-1.32
29.450,6.50,-1.35
29.500,6.48,-1.38
29.550,6.46,-1.41
29.600,6.42,-1.44
29.650,6.40,-1.45
29.700,6.37,-1.45
29.810,6.54,5.50
29.860,6.90,4.72
29.910,7.00,1.09
29.960,6.70,1.41
30.010,6.65,1.22
30.060,6.63,1.15
30.110,6.60,1.08
30.160,6.58,0.99
30.210,6.55,0.85
30.260,6.54,0.73
30.310,6.53,0.62
30.360,6.53,0.50
30.410,6.54,0.41
30.460,6.54,0.31
30.510,6.52,0.19
30.560,6.51,0.11
30.610,6.51,0.05
30.660,6.50,-0.01
30.710,6.49,-0.08
30.760,6.47,-0.12
30.810,6.47,-0.16
30.860,6.47,-0.20
30.910,6.47,-0.25
30.960,6.46,-0.28
31.010,6.47,-0.31
31.060,6.47,-0.36
31.110,6.46,-0.39
31.160,6.45,-0.45
31.210,6.46,-0.49
31.330,6.56,-0.54
31.380,6.54,-0.59
31.430,6.52,-0.62
31.480,6.49,-0.63
31.530,6.47,-0.66
31.580,6.47,-0.69
31.630,6.45,-0.73
31.680,6.44,-0.76
31.730,6.43,-0.78
31.780,6.41,-0.80
31.830,6.40,-0.82
31.880,6.41,-0.86
31.930,6.43,-0.91
31.980,6.44,-0.95
32.030,6.41,-0.97
32.080,6.39,-0.98
32.130,6.41,-1.00
32.180,6.39,-0.99
32.230,6.39,-0.99
32.280,6.37,-1.02
32.330,6.38,-1.02
32.380,6.37,-1.06
32.430,6.38,-1.05
32.480,6.37,-1.04
32.530,6.37,-1.07
32.580,6.35,-1.07
32.630,6.34,-1.11
Time,Pitch,Roll
0.043,0.27,-0.08
0.090,0.57,-0.13
0.140,0.86,-0.19
0.190,1.14,-0.24
0.240,1.43,-0.31
0.290,1.67,-0.36
0.340,1.90,-0.39
0.390,2.11,-0.44
0.440,2.33,-0.49
0.490,2.54,-0.54
0.540,2.73,-0.56
0.590,2.92,-0.60
0.640,3.08,-0.62
0.690,3.22,-0.65
0.740,3.36,-0.69
0.790,3.53,-0.71
0.840,3.66,-0.73
0.890,3.79,-0.73
0.940,3.90,-0.76
0.990,4.03,-0.80
1.040,4.16,-0.80
1.090,4.27,-0.82
1.140,4.38,-0.83
1.190,4.48,-0.85
1.240,4.57,-0.87
1.290,4.64,-0.89
1.340,4.73,-0.91
1.390,4.80,-0.91
1.440,4.88,-0.92
1.490,4.95,-0.93
1.620,5.10,-0.95
1.670,5.18,-0.97
1.720,5.24,-0.97
1.770,5.28,-1.00
1.820,5.34,-1.01
1.870,5.38,-1.00
1.920,5.44,-1.00
1.970,5.49,-1.01
2.020,5.53,-1.03
2.070,5.59,-1.04
2.120,5.64,-1.05
2.170,5.67,-1.08
2.220,5.70,-1.08
2.270,5.75,-1.09
2.320,5.78,-1.10
2.370,5.81,-1.11
2.420,5.85,-1.13
2.470,5.87,-1.12
2.520,5.88,-1.13
2.570,5.91,-1.12
2.620,5.96,-1.14
2.670,5.97,-1.14
2.720,5.99,-1.16
2.770,5.98,-1.15
2.820,5.97,-1.15
2.870,5.99,-1.15
2.920,6.03,-1.15
2.970,6.04,-1.15
3.020,6.07,-1.16
3.070,6.10,-1.16
3.240,6.24,-1.16
3.290,6.23,-1.17
3.340,6.25,-1.18
3.390,6.26,-1.17
3.440,6.27,-1.18
3.490,6.27,-1.16
3.540,6.28,-1.16
3.590,6.29,-1.16
3.640,6.28,-1.15
3.690,6.30,-1.16
3.740,6.30,-1.17
3.790,6.31,-1.18
3.840,6.33,-1.19
3.890,6.33,-1.19
3.940,6.33,-1.21
3.990,6.32,-1.21
4.040,6.32,-1.22
4.090,6.32,-1.23
4.140,6.35,-1.23
4.190,6.34,-1.22
4.240,6.34,-1.22
4.290,6.33,-1.22
4.340,6.32,-1.22
4.390,6.34,-1.25
4.440,6.33,-1.24
4.490,6.33,-1.23
4.540,6.33,-1.23
4.590,6.34,-1.21
4.640,6.32,-1.22
4.690,6.32,-1.21
4.800,6.38,-1.20
4.850,6.37,-1.21
4.900,6.40,-1.21
4.950,6.41,-1.19
5.000,6.40,-1.18
5.050,6.41,-1.19
5.100,6.42,-1.20
5.150,6.43,-1.18
5.200,6.43,-1.18
5.250,6.43,-1.18
5.300,6.41,-1.16
5.350,6.41,-1.15
5.400,6.41,-1.15
5.450,6.41,-1.15
5.500,6.41,-1.14
5.550,6.39,-1.15
5.600,6.39,-1.15
5.650,6.39,-1.16
5.700,6.39,-1.15
5.750,6.39,-1.15
5.800,6.40,-1.14
5.850,6.41,-1.13
5.900,6.41,-1.15
5.950,6.40,-1.17
6.000,6.41,-1.18
6.050,6.40,-1.18
6.100,6.38,-1.17
6.150,6.40,-1.18
6.200,6.38,-1.19
6.250,6.38,-1.20
6.350,6.46,-1.17
6.400,6.45,-1.17
6.450,6.46,-1.19
6.500,6.47,-1.19
6.550,6.48,-1.20
6.600,6.47,-1.21
6.650,6.45,-1.24
6.700,6.48,-1.16
6.750,6.55,-0.98
6.800,6.52,-1.01
6.850,6.54,-0.97
6.900,6.52,-0.91
6.950,6.53,-0.90
7.000,6.52,-0.93
7.050,6.52,-0.95
7.100,6.52,-0.99
7.150,6.49,-0.98
7.200,6.51,-1.02
7.250,6.53,-1.01
7.300,6.54,-0.93
7.350,6.51,-0.92
7.400,6.50,-0.93
7.450,6.49,-0.88
7.500,6.47,-0.88
7.550,6.55,-0.88
7.600,6.54,-0.88
7.650,6.53,-0.90
7.700,6.54,-0.93
7.750,6.60,-0.76
7.800,6.63,-0.70
8.000,7.47,1.29
8.050,7.40,1.21
8.100,7.40,1.27
8.150,7.38,1.20
8.200,7.34,1.10
8.250,7.28,0.92
8.300,7.21,0.69
8.350,7.22,0.73
8.400,7.24,0.81
8.450,6.97,-0.16
8.500,6.74,-0.86
8.550,6.67,-0.92
8.600,6.60,-1.05
8.650,6.58,-1.07
8.700,6.55,-1.10
8.750,6.55,-1.11
8.800,6.53,-1.00
8.850,6.44,-1.12
8.900,6.43,-1.13
8.950,6.44,-1.15
9.000,6.44,-1.15
9.050,6.47,-1.11
9.100,6.48,-1.09
9.150,6.45,-1.07
9.200,6.46,-1.09
9.250,6.46,-1.10
9.300,6.44,-1.10
9.350,6.43,-1.08
9.400,6.43,-1.11
9.450,6.44,-1.09
9.560,6.52,-1.06
9.610,6.51,-1.08
9.660,6.50,-1.08
9.710,6.50,-1.10
9.760,6.53,-1.11
9.810,6.53,-1.14
9.860,6.53,-1.14
9.910,6.53,-1.17
9.960,6.51,-1.16
10.010,6.53,-1.16
10.060,6.54,-1.14
10.110,6.52,-1.16
10.160,6.48,-1.16
10.210,6.45,-1.16
10.260,6.45,-1.15
10.310,6.43,-1.11
10.360,6.43,-1.07
10.410,6.42,-1.08
10.460,6.44,-1.14
10.510,6.45,-1.16
10.560,6.46,-1.17
10.610,6.43,-1.18
10.660,6.43,-1.17
10.710,6.45,-1.17
10.760,6.43,-1.19
10.810,6.48,-1.18
10.860,6.48,-1.20
Time,Pitch,Roll
0.038,0.24,-0.07
0.090,0.61,-0.09
0.140,0.92,-0.16
0.190,1.20,-0.21
0.240,1.47,-0.28
0.290,1.71,-0.34
0.340,1.94,-0.38
0.390,2.16,-0.44
0.440,2.36,-0.47
0.490,2.58,-0.51
0.540,2.76,-0.53
0.590,2.93,-0.55
0.640,3.10,-0.58
0.690,3.27,-0.62
0.740,3.43,-0.67
0.790,3.59,-0.70
0.840,3.74,-0.71
0.890,3.81,-0.70
0.940,3.95,-0.69
0.990,4.07,-0.72
1.040,4.18,-0.70
1.090,4.28,-0.70
1.140,4.41,-0.71
1.190,4.52,-0.65
1.240,4.62,-0.68
1.290,4.71,-0.70
1.340,4.80,-0.71
1.390,4.90,-0.72
1.440,5.00,-0.75
1.490,5.09,-0.80
1.600,5.22,-0.83
1.650,5.29,-0.86
1.700,5.37,-0.91
1.750,5.44,-0.92
1.800,5.51,-0.95
1.850,5.54,-0.97
1.900,5.58,-1.00
1.950,5.63,-1.01
2.000,5.66,-1.02
2.050,5.70,-1.00
2.100,5.74,-1.02
2.150,5.78,-1.03
2.200,5.89,-1.00
2.250,5.86,-1.02
2.300,5.87,-0.95
2.350,5.91,-0.98
2.400,5.93,-1.01
2.450,5.96,-1.14
2.500,5.99,-1.15
2.550,6.01,-1.16
2.600,6.04,-1.19
2.650,6.05,-1.17
2.700,6.07,-1.18
2.750,6.09,-1.17
2.800,6.10,-1.18
2.850,6.12,-1.19
2.900,6.18,-1.26
2.950,6.02,-1.35
3.000,6.08,-1.28
Time,Pitch,Roll
0.039,0.00,0.00
0.090,0.55,0.82
0.140,1.09,1.58
0.190,1.59,2.31
0.240,2.06,2.99
0.290,2.51,3.66
0.340,2.94,4.29
0.390,3.34,4.91
0.440,3.71,5.46
0.490,4.09,6.00
0.540,4.44,6.53
0.590,4.77,6.99
0.640,5.07,7.46
0.690,5.37,7.90
0.740,5.65,8.30
0.790,5.91,8.69
0.840,6.16,9.07
0.890,6.42,9.42
0.940,6.65,9.76
0.990,6.87,10.10
1.040,7.08,10.40
1.090,7.28,10.68
1.140,7.47,10.97
1.190,7.64,11.24
1.240,7.80,11.49
1.290,7.97,11.71
1.340,8.13,11.93
1.390,8.27,12.14
1.440,8.41,12.33
1.490,8.54,12.51
1.540,8.68,12.69
1.710,8.92,12.88
1.760,9.02,13.04
1.810,9.12,13.22
1.860,9.22,13.37
1.910,9.33,13.51
1.960,9.40,13.64
2.010,9.47,13.81
2.060,9.53,13.91
2.110,9.61,14.06
2.160,9.69,14.16
2.210,9.77,14.28
2.260,9.83,14.37
2.310,9.88,14.45
2.360,9.95,14.57
2.410,9.98,14.66
2.460,10.03,14.76
2.510,10.06,14.85
2.560,10.11,14.96
2.610,10.14,15.05
2.660,10.17,15.15
2.710,10.22,15.22
2.760,10.24,15.32
2.810,10.29,15.36
2.860,10.33,15.40
2.910,10.37,15.43
2.960,10.41,15.47
3.010,10.45,15.50
3.060,10.49,15.51
3.110,10.52,15.55
3.210,10.62,15.59
3.260,10.65,15.64
3.310,10.69,15.66
3.360,10.71,15.69
3.410,10.74,15.73
3.460,10.73,15.77
3.510,10.76,15.79
3.560,10.78,15.80
3.610,10.79,15.81
3.660,10.79,15.84
3.710,10.81,15.85
3.760,10.79,15.88
3.810,10.79,15.90
3.860,10.80,15.92
3.910,10.82,15.93
3.960,10.83,15.93
4.010,10.84,15.94
4.060,10.85,15.98
4.110,10.85,15.95
4.160,10.85,15.96
4.210,10.88,15.99
4.260,10.89,15.99
4.310,10.91,16.01
4.360,10.91,16.03
4.410,10.90,16.04
4.460,10.88,16.02
4.510,10.90,16.05
4.560,10.94,16.07
4.670,3.98,15.43
4.720,1.52,14.77
4.770,-1.65,14.01
4.820,-4.32,13.13
4.870,-6.64,11.13
4.920,-10.17,13.05
4.970,-12.98,13.67
5.020,-19.25,15.52
5.070,-23.88,15.61
5.120,-28.71,15.36
5.170,-30.48,14.38
5.220,-32.22,11.97
5.270,-34.54,9.78
5.320,-35.03,4.85
5.370,-36.49,0.12
5.420,-35.47,-6.58
5.470,-32.69,-14.19
5.520,-33.21,-17.10
5.570,-33.53,-20.29
5.620,-31.90,-24.17
5.670,-29.87,-27.30
5.720,-27.89,-29.96
5.770,-25.13,-33.49
5.820,-24.09,-34.70
5.870,-21.66,-34.71
5.920,-19.56,-34.34
6.020,-13.80,-28.00
6.070,-9.70,-26.03
6.120,-5.83,-22.04
6.170,-2.65,-18.42
6.220,0.10,-15.07
6.270,2.60,-12.00
6.320,5.17,-9.37
6.370,7.06,-5.18
6.420,7.55,-1.30
6.470,7.11,4.51
6.520,7.09,10.37
6.570,5.23,15.33
6.620,3.83,20.32
6.670,1.93,24.86
6.720,-0.45,28.41
6.770,-2.89,32.00
6.820,-8.21,34.18
6.870,-14.65,35.06
6.920,-18.92,32.26
6.970,-24.17,31.01
7.020,-25.79,28.95
7.070,-27.73,27.53
7.120,-29.32,24.76
7.170,-31.26,23.78
7.220,-32.59,21.78
7.270,-32.42,19.00
7.320,-32.49,17.05
7.430,-28.40,10.74
7.480,-26.02,8.03
7.530,-22.17,-1.00
7.580,-20.64,-5.34
7.630,-19.39,-8.47
7.680,-18.92,-10.64
7.730,-17.53,-12.51
7.780,-14.79,-16.68
7.830,-11.60,-17.11
7.880,-7.65,-18.71
7.930,-6.29,-16.80
7.980,-4.92,-16.12
8.030,-6.09,-12.65
8.080,-3.94,-11.23
8.130,-2.48,-6.03
8.180,-3.04,-0.87
8.230,-1.89,1.87
8.280,-2.45,7.86
8.330,-0.97,11.43
8.380,2.30,14.10
8.430,5.43,12.27
8.480,4.85,13.70
8.530,4.19,14.03
8.580,5.37,13.99
8.630,6.00,14.90
8.680,5.43,14.84
8.730,5.79,15.73
8.840,5.98,16.19
8.890,5.85,15.89
8.940,5.84,15.84
8.990,5.87,15.93
9.040,5.91,15.97
9.090,5.97,16.09
9.140,6.02,16.14
9.190,6.05,16.07
9.240,6.03,15.96
9.290,6.02,15.95
9.340,6.05,16.03
9.390,6.06,16.03
9.440,6.06,16.07
9.490,6.09,16.13
9.540,6.06,16.18
9.590,6.04,16.29
9.640,6.02,16.42
9.690,5.82,16.57
9.740,5.31,16.60
9.790,4.99,17.98
9.840,3.48,12.75
9.890,3.48,13.32
9.940,3.77,13.46
9.990,3.87,13.68
10.040,3.80,13.86
10.090,3.88,14.15
10.140,3.93,14.44
10.190,4.02,14.81
10.240,4.06,15.09
10.350,4.18,15.28
10.400,4.22,15.43
10.450,4.28,15.62
10.500,4.32,15.78
10.550,4.35,15.94
10.600,4.39,16.09
10.650,4.44,16.22
10.700,4.48,16.34
10.750,4.52,16.44
10.800,4.57,16.54
10.850,4.61,16.61
10.900,4.66,16.69
10.950,4.75,16.62
11.000,4.84,16.53
11.050,4.88,16.50
11.100,4.86,16.67
11.150,4.77,17.16
11.200,4.85,17.04
11.250,4.88,17.14
11.300,4.74,17.12
11.350,4.72,17.20
11.400,4.74,17.36
11.450,4.72,17.47
11.500,4.72,17.57
11.550,4.71,17.64
11.600,4.74,17.75
11.650,4.76,17.82
Time,Pitch,Roll
0.044,0.24,0.78
0.090,0.15,1.07
0.140,0.64,2.43
0.190,0.87,3.50
0.240,1.10,4.54
0.290,1.35,5.15
0.340,1.61,5.70
0.390,1.82,6.24
0.440,2.20,6.65
0.490,2.37,7.09
0.540,2.32,7.64
0.590,2.51,8.17
0.640,2.70,8.98
0.690,2.64,10.49
0.740,4.57,9.71
0.790,4.51,10.00
0.840,4.53,9.85
0.890,4.58,10.33
0.940,4.68,10.55
0.990,4.45,10.26
1.040,4.98,9.26
1.090,1.78,12.13
1.140,3.31,11.65
1.190,2.88,12.19
1.240,3.00,12.35
1.290,3.10,12.65
1.340,3.05,13.06
1.390,3.18,13.13
1.440,3.12,13.43
1.490,3.71,13.54
1.540,3.72,13.91
1.720,4.05,13.96
1.770,4.20,14.06
1.820,4.34,14.17
1.870,4.47,14.26
1.920,4.58,14.36
1.970,4.72,14.44
2.020,4.81,14.55
2.070,4.90,14.63
2.120,4.98,14.72
2.170,5.09,14.81
2.220,5.15,14.89
2.270,5.22,14.99
2.320,5.28,15.08
2.370,5.34,15.15
2.420,5.41,15.21
2.470,5.48,15.25
2.520,5.52,15.32
2.570,5.55,15.37
2.620,5.60,15.43
2.670,5.63,15.47
2.720,5.69,15.51
2.770,5.73,15.58
2.820,5.76,15.62
2.870,5.79,15.67
2.920,5.82,15.70
2.970,5.87,15.76
3.020,5.91,15.78
3.070,5.92,15.80
3.120,5.94,15.84
3.170,5.98,15.90
3.280,6.06,15.95
3.330,6.09,15.98
3.380,6.12,16.00
3.430,6.13,16.00
3.480,6.16,16.01
3.530,6.21,16.03
3.580,6.22,16.06
3.630,6.25,16.07
3.680,6.29,16.09
3.730,6.30,16.12
3.780,6.32,16.13
3.830,6.33,16.13
3.880,6.30,16.15
3.930,6.31,16.16
3.980,6.31,16.18
4.030,6.33,16.17
4.080,6.35,16.17
4.130,6.35,16.21
4.180,6.35,16.22
4.230,6.36,16.25
4.280,6.36,16.25
4.330,6.37,16.25
4.380,6.38,16.24
4.430,6.38,16.26
4.480,6.39,16.28
4.530,6.41,16.30
4.580,6.41,16.32
4.630,6.42,16.33
4.680,6.41,16.34
4.730,6.41,16.36
4.840,6.50,16.34
4.890,6.49,16.37
4.940,6.49,16.39
4.990,6.50,16.40
5.040,6.51,16.40
5.090,6.50,16.41
5.140,6.52,16.42
5.190,6.52,16.43
5.240,6.53,16.44
5.290,6.53,16.46
5.340,6.52,16.44
5.390,6.54,16.44
5.440,6.54,16.46
5.490,6.53,16.46
5.540,6.53,16.48
5.590,6.53,16.48
5.640,6.54,16.47
5.690,6.54,16.48
5.740,6.54,16.49
5.790,6.54,16.49
5.840,6.53,16.49
5.890,6.52,16.51
5.940,6.51,16.54
5.990,6.52,16.55
6.040,6.54,16.55
6.090,6.54,16.56
6.140,6.54,16.54
6.190,6.53,16.53
6.240,6.53,16.52
6.290,6.53,16.52
6.500,6.71,16.57
6.550,6.72,16.56
6.600,6.72,16.54
6.650,6.72,16.55
6.700,6.70,16.55
6.750,6.68,16.55
6.800,6.67,16.56
6.850,6.66,16.56
6.900,6.66,16.57
6.950,6.65,16.58
7.000,6.65,16.57
7.050,6.66,16.57
7.100,6.69,16.58
7.150,6.69,16.57
7.200,6.69,16.55
7.250,6.67,16.55
7.300,6.67,16.57
7.350,6.64,16.56
7.400,6.64,16.55
7.450,6.63,16.56
7.500,6.65,16.57
7.550,6.65,16.55
7.600,6.63,16.55
7.650,6.61,16.55
7.700,6.62,16.55
7.750,6.61,16.57
7.800,6.59,16.56
7.850,6.56,16.59
7.900,6.56,16.58
7.950,6.56,16.60
8.060,6.62,16.62
8.110,6.59,16.61
8.160,6.59,16.63
8.210,6.56,16.64
8.260,6.55,16.63
8.310,6.54,16.63
8.360,6.53,16.61
8.410,6.54,16.62
8.460,6.52,16.62
8.510,6.52,16.60
8.560,6.51,16.58
8.610,6.51,16.58
8.660,6.49,16.59
8.710,6.49,16.59
8.760,6.49,16.58
8.810,6.50,16.61
8.860,6.50,16.62
8.910,6.50,16.58
8.960,6.49,16.59
9.010,6.49,16.59
9.060,6.49,16.61
9.110,6.48,16.60
9.160,6.46,16.61
9.210,6.47,16.60
9.260,6.48,16.59
9.310,6.48,16.60
9.360,6.48,16.58
9.410,6.49,16.61
9.460,6.49,16.61
9.510,6.48,16.61
9.610,6.56,16.61
9.660,6.56,16.61
9.710,6.57,16.59
9.760,6.56,16.59
9.810,6.57,16.60
9.860,6.59,16.58
9.910,6.60,16.56
9.960,6.60,16.55
10.010,6.58,16.57
10.060,6.59,16.57
10.110,6.59,16.57
10.160,6.56,16.58
10.210,6.56,16.58
10.260,6.57,16.55
10.310,6.56,16.56
10.360,6.57,16.56
10.410,6.56,16.56
10.460,6.56,16.56
10.510,6.56,16.56
10.560,6.56,16.54
10.610,6.56,16.54
10.660,6.54,16.54
10.710,6.52,16.54
10.760,6.53,16.51
10.810,6.52,16.52
10.860,6.53,16.53
10.910,6.54,16.52
10.960,6.56,16.53
11.070,6.59,16.52
11.120,6.57,16.53
11.170,6.56,16.55
11.220,6.53,16.54
11.270,6.54,16.54
11.320,6.52,16.52
11.370,6.52,16.52
11.420,6.51,16.51
11.470,6.52,16.52
11.520,6.52,16.51
11.570,6.51,16.51
11.620,6.51,16.50
11.670,6.51,16.50
11.720,6.51,16.51
11.770,6.50,16.52
11.820,6.50,16.52
11.870,6.52,16.53
11.920,6.51,16.54
11.970,6.51,16.52
12.020,6.53,16.55
12.070,6.52,16.54
12.120,6.52,16.54
12.170,6.50,16.56
12.220,6.52,16.56
12.270,6.51,16.56
12.320,6.49,16.57
12.370,6.47,16.57
12.420,6.48,16.59
12.530,6.54,16.60
12.580,6.52,16.61
12.630,6.76,16.43
12.680,6.60,16.60
12.730,6.58,16.62
12.780,6.46,16.74
12.830,6.44,16.72
12.880,6.41,16.73
12.930,6.43,16.69
12.980,6.46,16.69
13.030,6.49,16.64
13.080,6.48,16.65
13.130,6.48,16.64
13.180,6.49,16.64
13.230,6.52,16.65
13.280,6.54,16.65
13.330,6.52,16.65
13.380,6.52,16.65
13.430,6.54,16.67
13.480,6.55,16.66
13.530,6.55,16.66
13.580,6.52,16.67
13.630,6.51,16.68
13.680,6.52,16.68
13.730,6.52,16.68
13.780,6.51,16.67
13.830,6.51,16.67
13.880,6.53,16.69
14.060,6.68,16.71
14.110,6.68,16.69
14.160,6.67,16.69
14.210,6.64,16.67
14.260,6.64,16.65
14.310,6.64,16.64
14.360,6.62,16.64
14.410,6.61,16.64
14.460,6.61,16.64
14.510,6.61,16.63
14.560,6.61,16.63
14.610,6.59,16.62
14.660,6.58,16.61
14.710,6.60,16.61
14.760,6.60,16.63
14.810,6.58,16.64
14.860,6.57,16.62
14.910,6.57,16.60
14.960,6.57,16.59
15.010,6.57,16.58
15.060,6.59,16.59
15.110,6.60,16.59
15.160,6.60,16.58
15.210,6.61,16.58
15.260,6.60,16.57
15.310,6.58,16.57
15.360,6.56,16.55
15.410,6.56,16.57
15.510,6.62,16.56
15.560,6.62,16.57
15.610,6.62,16.59
15.660,6.60,16.58
15.710,6.59,16.59
15.760,6.57,16.58
15.810,6.57,16.58
15.860,6.58,16.58
15.910,6.58,16.57
15.960,6.57,16.57
16.010,6.55,16.58
16.060,6.54,16.57
16.110,6.55,16.57
16.160,6.54,16.55
16.210,6.56,16.53
16.260,6.57,16.53
16.310,6.57,16.52
16.360,6.56,16.53
16.410,6.58,16.54
16.460,6.58,16.51
16.510,6.57,16.51
16.560,6.57,16.52
16.610,6.58,16.52
16.660,6.59,16.51
16.710,6.59,16.52
16.760,6.59,16.52
16.810,6.59,16.54
16.860,6.58,16.55
16.960,6.63,16.52
17.010,6.63,16.53
17.060,6.63,16.53
17.110,6.64,16.50
17.160,6.62,16.51
17.210,6.63,16.53
17.260,6.62,16.51
17.310,6.61,16.50
17.360,6.63,16.52
17.410,6.62,16.49
17.460,6.61,16.50
17.510,6.59,16.49
17.560,6.58,16.49
17.610,6.59,16.47
17.660,6.58,16.44
17.710,6.58,16.43
17.760,6.56,16.43
17.810,6.56,16.41
17.860,6.57,16.43
17.910,6.56,16.45
17.960,6.54,16.43
18.010,6.54,16.45
18.060,6.54,16.43
18.110,6.55,16.44
18.160,6.55,16.46
18.210,6.55,16.45
18.260,6.55,16.47
18.310,6.55,16.47
18.410,6.61,16.48
18.460,6.61,16.48
18.510,6.58,16.50
18.560,6.59,16.49
18.610,6.58,16.49
18.660,6.56,16.48
18.710,6.55,16.47
18.760,6.56,16.47
18.810,6.55,16.48
18.860,6.53,16.50
18.910,6.53,16.47
18.960,6.50,16.52
19.010,6.50,16.52
19.060,6.50,16.55
19.110,6.51,16.55
19.160,6.50,16.55
19.210,6.49,16.57
19.260,6.50,16.55
19.310,6.51,16.54
19.360,6.50,16.53
19.410,6.49,16.53
19.460,6.48,16.51
19.510,6.47,16.49
19.560,6.49,16.50
19.610,6.52,16.49
19.660,6.52,16.48
19.710,6.50,16.48
19.760,6.51,16.49
19.870,6.56,16.49
19.920,6.58,16.50
19.970,6.58,16.49
20.020,6.59,16.48
20.070,6.61,16.46
20.120,6.60,16.46
20.170,6.60,16.47
20.220,6.59,16.46
20.270,6.61,16.47
20.320,6.61,16.47
20.370,6.61,16.47
20.420,6.61,16.46
20.470,6.61,16.49
20.520,6.61,16.51
20.570,6.62,16.52
20.620,6.63,16.51
20.670,6.64,16.52
20.720,6.62,16.53
20.770,6.63,16.57
20.820,6.62,16.58
20.870,6.62,16.58
20.920,6.62,16.59
20.970,6.61,16.58
21.020,6.62,16.59
21.070,6.62,16.58
21.120,6.60,16.59
21.170,6.60,16.57
21.220,6.60,16.57
21.330,6.66,16.58
21.380,6.65,16.56
21.430,6.64,16.55
21.480,6.62,16.56
21.530,6.60,16.55
21.580,6.61,16.54
21.630,6.62,16.54
21.680,6.61,16.54
21.730,6.60,16.56
21.780,6.60,16.54
21.830,6.62,16.54
21.880,6.61,16.49
21.930,6.59,16.50
21.980,6.61,16.51
22.030,6.62,16.50
22.080,6.62,16.51
22.130,6.62,16.48
22.180,6.61,16.50
22.230,6.59,16.49
22.280,6.58,16.52
22.330,6.58,16.53
22.380,6.59,16.53
22.430,6.59,16.53
22.480,6.60,16.55
22.530,6.61,16.53
22.580,6.61,16.51
22.630,6.61,16.51
22.680,6.59,16.50
22.790,6.67,16.52
22.840,6.66,16.52
22.890,6.64,16.53
22.940,6.61,16.55
22.990,6.58,16.54
23.040,6.58,16.54
23.090,6.58,16.56
23.140,6.58,16.57
23.190,6.57,16.58
23.240,6.58,16.56
23.290,6.59,16.56
23.340,6.58,16.56
23.390,6.56,16.54
23.440,6.58,16.54
23.490,6.58,16.53
23.540,6.56,16.54
23.590,6.59,16.53
23.640,6.65,16.56
23.690,6.63,16.56
23.740,6.53,16.60
23.790,6.54,16.59
23.840,6.54,16.55
23.890,6.53,16.59
23.940,6.55,16.57
23.990,6.54,16.56
24.040,6.53,16.56
24.090,6.53,16.56
24.140,6.55,16.56
24.260,6.65,16.56
24.310,6.64,16.58
24.360,6.62,16.58
24.410,6.61,16.56
24.460,6.61,16.57
24.510,6.61,16.60
24.560,6.59,16.59
24.610,6.58,16.58
24.660,6.59,16.57
24.710,6.59,16.58
24.760,6.60,16.59
24.810,6.60,16.58
24.860,6.60,16.57
24.910,6.59,16.59
24.960,6.61,16.59
25.010,6.61,16.57
25.060,6.59,16.59
25.110,6.60,16.58
25.160,6.58,16.57
25.210,6.58,16.57
25.260,6.56,16.57
25.310,6.57,16.57
25.360,6.56,16.58
25.410,6.56,16.56
25.460,6.54,16.55
25.510,6.55,16.54
25.560,6.57,16.53
25.610,6.58,16.53
25.790,6.75,16.54
25.840,6.74,16.54
25.890,6.72,16.53
25.940,6.71,16.52
25.990,6.71,16.53
26.040,6.70,16.54
26.090,6.67,16.54
26.140,6.65,16.55
26.190,6.62,16.54
26.240,6.62,16.52
26.290,6.62,16.53
26.340,6.62,16.52
26.390,6.59,16.55
26.440,6.59,16.53
26.490,6.61,16.52
26.540,6.59,16.52
26.590,6.58,16.52
26.640,6.57,16.52
26.690,6.58,16.51
26.740,6.57,16.50
26.790,6.56,16.51
26.840,6.56,16.51
26.890,6.56,16.50
26.940,6.57,16.51
26.990,6.57,16.49
27.040,6.55,16.49
27.090,6.56,16.50
27.140,6.55,16.49
27.240,6.61,16.50
27.290,6.61,16.51
27.340,6.60,16.50
27.390,6.59,16.50
27.440,6.58,16.51
27.490,6.56,16.51
27.540,6.56,16.52
27.590,6.55,16.51
27.640,6.55,16.52
27.690,6.54,16.50
27.740,6.56,16.49
27.790,6.56,16.51
27.840,6.56,16.52
27.890,6.56,16.52
27.940,6.56,16.52
27.990,6.55,16.54
28.040,6.54,16.53
28.090,6.52,16.53
28.140,6.48,16.53
28.190,6.47,16.53
28.240,6.47,16.51
28.290,6.45,16.50
28.340,6.45,16.50
28.390,6.44,16.51
28.440,6.44,16.51
28.490,6.43,16.53
28.540,6.45,16.53
28.590,6.46,16.53
28.700,6.56,16.52
28.750,6.56,16.51
28.800,6.56,16.49
28.850,6.56,16.52
28.900,6.54,16.51
28.950,6.51,16.51
29.000,6.54,16.53
29.050,6.52,16.52
29.100,6.52,16.50
29.150,6.52,16.51
29.200,6.50,16.51
29.250,6.49,16.50
29.300,6.48,16.49
29.350,6.48,16.51
29.400,6.50,16.52
29.450,6.51,16.53
29.500,6.54,16.52
29.550,6.55,16.52
29.600,6.56,16.53
29.650,6.56,16.53
29.700,6.56,16.55
29.750,6.56,16.56
29.800,6.56,16.55
29.850,6.57,16.53
29.900,6.56,16.52
29.950,6.55,16.52
30.000,6.56,16.54
30.050,6.55,16.53
30.250,6.73,16.53
30.300,6.72,16.52
30.350,6.70,16.51
30.400,6.69,16.53
30.450,6.69,16.51
30.500,6.69,16.49
30.550,6.68,16.49
30.600,6.66,16.49
30.650,6.67,16.48
30.700,6.67,16.48
30.750,6.67,16.49
30.800,6.65,16.49
30.850,6.65,16.48
30.900,6.63,16.49
30.950,6.63,16.52
31.000,6.64,16.54
31.050,6.66,16.54
31.100,6.64,16.55
31.150,6.63,16.57
31.200,6.63,16.58
31.250,6.64,16.57
31.300,6.64,16.59
31.350,6.64,16.59
31.400,6.64,16.58
31.450,6.64,16.56
31.500,6.63,16.56
31.550,6.62,16.56
31.600,6.62,16.56
31.710,6.69,16.57
31.760,6.66,16.57
31.810,6.66,16.57
31.860,6.65,16.56
31.910,6.65,16.57
31.960,6.62,16.58
32.010,6.62,16.57
32.060,6.62,16.59
32.110,6.61,16.60
32.160,6.62,16.59
32.210,6.60,16.60
32.260,6.59,16.61
32.310,6.63,16.61
32.360,6.63,16.60
32.410,6.60,16.60
32.460,6.61,16.61
32.510,6.59,16.60
32.560,6.61,16.60
32.610,6.61,16.59
32.660,6.59,16.60
32.710,6.57,16.61
32.760,6.56,16.62
32.810,6.56,16.61
32.860,6.56,16.60
32.910,6.58,16.61
32.960,6.58,16.60
33.010,6.59,16.57
33.060,6.58,16.58
33.180,6.68,16.61
33.230,6.68,16.63
33.280,6.67,16.63
33.330,6.67,16.61
33.380,6.67,16.61
33.430,6.65,16.61
33.480,6.64,16.58
33.530,6.63,16.58
33.580,6.64,16.57
33.630,6.63,16.57
33.680,6.63,16.56
33.730,6.64,16.58
33.780,6.64,16.57
33.830,6.63,16.57
33.880,6.64,16.57
33.930,6.63,16.58
33.980,6.62,16.56
34.030,6.63,16.55
34.080,6.63,16.53
34.130,6.63,16.51
34.180,6.64,16.51
34.230,6.63,16.51
34.280,6.62,16.53
34.330,6.60,16.53
34.380,6.61,16.55
34.430,6.63,16.56
34.480,6.61,16.57
34.530,6.61,16.57
34.640,6.67,16.55
34.690,6.66,16.56
34.740,6.68,16.54
34.790,6.66,16.53
34.840,6.67,16.54
34.890,6.67,16.54
34.940,6.66,16.56
34.990,6.66,16.59
35.040,6.64,16.60
35.090,6.63,16.59
35.140,6.63,16.57
35.190,6.64,16.56
35.240,6.62,16.56
35.290,6.62,16.55
35.340,6.60,16.53
35.390,6.61,16.53
35.440,6.62,16.53
35.490,6.62,16.52
35.540,6.64,16.52
35.590,6.62,16.51
35.640,6.60,16.52
35.690,6.59,16.51
35.740,6.58,16.51
35.790,6.57,16.51
35.840,6.60,16.51
35.890,6.60,16.51
35.940,6.59,16.52
35.990,6.58,16.52
36.110,6.64,16.50
36.160,6.62,16.49
36.210,6.61,16.49
36.260,6.59,16.47
36.310,6.58,16.48
36.360,6.57,16.47
36.410,6.56,16.47
36.460,6.54,16.47
36.510,6.53,16.46
36.560,6.55,16.47
36.610,6.55,16.46
36.660,6.58,16.46
36.710,6.57,16.48
36.760,6.57,16.49
36.810,6.55,16.51
36.860,6.50,16.48
36.910,6.50,16.49
36.960,6.49,16.55
37.010,6.52,16.51
37.060,6.50,16.54
37.110,6.51,16.51
37.160,6.53,16.49
37.210,6.54,16.53
37.260,6.52,16.57
37.310,6.52,16.54
37.360,6.54,16.55
37.410,6.53,16.52
37.460,6.53,16.54
37.620,6.62,16.57
37.670,6.60,16.54
37.720,6.60,16.53
37.770,6.63,16.53
37.820,6.61,16.51
37.870,6.59,16.53
37.920,6.61,16.55
37.970,6.60,16.57
38.020,6.61,16.56
38.070,6.63,16.53
38.120,6.61,16.55
38.170,6.62,16.54
38.220,6.57,16.52
38.270,6.56,16.48
38.320,6.58,16.52
38.370,6.61,16.51
38.420,6.58,16.50
38.470,6.57,16.52
38.520,6.57,16.53
38.570,6.56,16.50
38.620,6.56,16.51
38.670,6.56,16.53
38.720,6.55,16.50
38.770,6.56,16.51
38.820,6.57,16.51
38.870,6.57,16.52
38.920,6.52,16.55
38.970,6.54,16.55
39.070,6.56,16.53
39.120,6.50,16.56
39.170,6.51,16.60
39.220,6.51,16.59
39.270,6.54,16.55
39.320,6.54,16.58
39.370,6.54,16.57
39.420,6.56,16.51
39.470,6.55,16.54
39.520,6.55,16.55
39.570,6.55,16.53
39.620,6.54,16.54
39.670,6.56,16.52
39.720,6.56,16.52
39.770,6.56,16.50
39.820,6.55,16.50
39.870,6.56,16.51
39.920,6.56,16.50
39.970,6.56,16.46
40.020,6.56,16.48
40.070,6.56,16.49
40.120,6.58,16.46
40.170,6.57,16.46
40.220,6.58,16.48
40.270,6.57,16.49
40.320,6.58,16.47
40.370,6.57,16.46
40.420,6.55,16.49
40.520,6.61,16.50
40.570,6.61,16.52
40.620,6.61,16.53
40.670,6.60,16.55
40.720,6.60,16.54
40.770,6.60,16.53
40.820,6.60,16.56
40.870,6.58,16.56
40.920,6.60,16.53
40.970,6.60,16.52
41.020,6.59,16.53
41.070,6.60,16.52
41.120,6.61,16.52
41.170,6.60,16.51
41.220,6.61,16.52
41.270,6.60,16.53
41.320,6.60,16.54
41.370,6.61,16.52
41.420,6.62,16.55
41.470,6.63,16.55
41.520,6.60,16.50
41.570,6.59,16.48
41.620,6.56,16.42
41.670,6.60,16.53
41.720,6.62,16.48
41.770,6.59,16.45
41.820,6.52,16.48
41.870,6.53,16.47
41.970,6.60,16.49
42.020,6.58,16.49
42.070,6.56,16.49
42.120,6.55,16.48
42.170,6.57,16.47
42.220,6.57,16.49
42.270,6.55,16.50
42.320,6.55,16.49
42.370,6.56,16.51
42.420,6.55,16.50
42.470,6.54,16.49
42.520,6.54,16.48
42.570,6.53,16.46
42.620,6.53,16.47
42.670,6.54,16.48
42.720,6.55,16.49
42.770,6.54,16.49
42.820,6.53,16.47
42.870,6.52,16.47
42.920,6.52,16.47
42.970,6.52,16.47
43.020,6.51,16.48
43.070,6.53,16.49
43.120,6.56,16.50
43.170,6.57,16.51
43.220,6.57,16.49
43.270,6.58,16.51
43.320,6.57,16.51
43.440,6.66,16.51
43.490,6.64,16.48
43.540,6.65,16.49
43.590,6.64,16.47
43.640,6.63,16.45
43.690,6.61,16.41
43.740,6.61,16.40
43.790,6.61,16.41
43.840,6.62,16.42
43.890,6.60,16.42
43.940,6.59,16.42
43.990,6.58,16.44
44.040,6.58,16.42
44.090,6.59,16.43
44.140,6.58,16.44
44.190,6.58,16.43
44.240,6.57,16.42
44.290,6.58,16.43
44.340,6.57,16.45
44.390,6.57,16.45
44.440,6.57,16.44
44.490,6.56,16.44
44.540,6.56,16.45
44.590,6.56,16.44
44.640,6.56,16.43
44.690,6.56,16.44
44.740,6.53,16.44
44.790,6.53,16.45
44.910,6.61,16.45
44.960,6.59,16.44
45.010,6.59,16.44
45.060,6.60,16.44
45.110,6.61,16.45
45.160,6.61,16.46
45.210,6.59,16.46
45.260,6.58,16.46
45.310,6.57,16.48
45.360,6.57,16.48
45.410,6.56,16.46
45.460,6.57,16.45
45.510,6.58,16.43
45.560,6.55,16.43
45.610,6.55,16.43
45.660,6.55,16.43
45.710,6.54,16.44
45.760,6.54,16.43
45.810,6.54,16.45
45.860,6.54,16.46
45.910,6.55,16.47
45.960,6.55,16.48
46.010,6.54,16.47
46.060,6.53,16.48
46.110,6.53,16.48
46.160,6.54,16.50
46.210,6.54,16.50
46.260,6.54,16.48
46.370,6.61,16.46
46.420,6.63,16.45
46.470,6.63,16.44
46.520,6.62,16.44
46.570,6.59,16.46
46.620,6.60,16.48
46.670,6.59,16.46
46.720,6.59,16.48
46.770,6.58,16.47
46.820,6.56,16.48
46.870,6.56,16.45
46.920,6.55,16.46
46.970,6.55,16.48
47.020,6.55,16.48
47.070,6.55,16.50
47.120,6.54,16.52
47.170,6.55,16.53
47.220,6.54,16.53
47.270,6.55,16.55
47.320,6.54,16.54
47.370,6.54,16.55
47.420,6.54,16.57
47.470,6.53,16.57
47.520,6.54,16.58
47.570,6.54,16.58
47.620,6.54,16.56
47.670,6.54,16.55
47.720,6.54,16.56
47.830,6.63,16.55
47.880,6.62,16.56
47.930,6.61,16.54
47.980,6.60,16.54
48.030,6.60,16.53
48.080,6.60,16.53
48.130,6.59,16.54
48.180,6.57,16.54
48.230,6.56,16.54
48.280,6.56,16.52
48.330,6.57,16.52
48.380,6.58,16.51
48.430,6.58,16.53
48.480,6.58,16.52
48.530,6.58,16.51
48.580,6.58,16.51
48.630,6.57,16.50
48.680,6.57,16.51
48.730,6.57,16.50
48.780,6.57,16.51
48.830,6.57,16.51
48.880,6.57,16.52
48.930,6.58,16.52
48.980,6.58,16.51
49.030,6.57,16.49
49.080,6.58,16.47
49.130,6.56,16.50
49.180,6.53,16.51
49.310,6.60,16.50
49.360,6.60,16.50
49.410,6.58,16.50
49.460,6.64,16.51
49.510,6.56,16.56
49.560,6.57,16.59
49.610,6.56,16.60
49.660,6.54,16.63
49.710,6.53,16.60
49.760,6.52,16.60
49.810,6.49,16.60
49.860,6.48,16.59
49.910,6.49,16.57
49.960,6.49,16.57
50.010,6.50,16.58
50.060,6.52,16.59
50.110,6.50,16.60
50.160,6.48,16.59
50.210,6.48,16.59
50.260,6.47,16.60
50.310,6.47,16.59
50.360,6.48,16.59
50.410,6.48,16.60
50.460,6.48,16.60
50.510,6.48,16.59
50.560,6.50,16.59
50.610,6.51,16.58
50.660,6.50,16.58
50.820,6.66,16.57
50.870,6.64,16.57
50.920,6.64,16.56
50.970,6.64,16.57
51.020,6.62,16.56
51.070,6.64,16.55
51.120,6.64,16.53
51.170,6.63,16.54
51.220,6.62,16.54
51.270,6.60,16.54
51.320,6.60,16.52
51.370,6.62,16.51
51.420,6.61,16.52
51.470,6.60,16.51
51.520,6.62,16.49
51.570,6.61,16.50
51.620,6.60,16.49
51.670,6.60,16.50
51.720,6.61,16.50
51.770,6.60,16.49
51.820,6.60,16.49
51.870,6.62,16.49
51.920,6.60,16.50
51.970,6.60,16.51
52.020,6.61,16.53
52.070,6.58,16.53
52.120,6.57,16.53
52.170,6.56,16.51
52.270,6.61,16.52
52.320,6.61,16.51
52.370,6.62,16.51
52.420,6.60,16.51
52.470,6.58,16.50
52.520,6.57,16.48
52.570,6.56,16.48
52.620,6.59,16.48
52.670,6.59,16.47
52.720,6.57,16.47
52.770,6.54,16.49
52.820,6.54,16.49
52.870,6.55,16.50
52.920,6.56,16.53
52.970,6.57,16.54
53.020,6.56,16.51
53.070,6.57,16.50
53.120,6.56,16.51
53.170,6.57,16.53
53.220,6.58,16.54
53.270,6.57,16.53
53.320,6.57,16.54
53.370,6.57,16.55
53.420,6.57,16.54
53.470,6.55,16.53
53.520,6.55,16.55
53.570,6.57,16.58
53.620,6.59,16.59
53.840,6.77,16.61
53.890,6.75,16.63
53.940,6.74,16.65
53.990,6.72,16.64
54.040,6.71,16.62
54.090,6.70,16.63
54.140,6.67,16.62
54.190,6.68,16.63
54.240,6.67,16.61
54.290,6.67,16.59
54.340,6.64,16.58
54.390,6.64,16.57
54.440,6.62,16.57
54.490,6.62,16.59
54.540,6.61,16.58
54.590,6.60,16.58
54.640,6.59,16.58
54.690,6.59,16.58
54.740,6.59,16.58
54.790,6.59,16.58
54.840,6.58,16.59
54.890,6.60,16.60
54.940,6.59,16.61
54.990,6.58,16.60
55.040,6.55,16.61
55.090,6.54,16.62
55.140,6.55,16.61
55.190,6.56,16.60
55.300,6.62,16.61
55.350,6.60,16.60
55.400,6.59,16.62
55.450,6.57,16.61
55.500,6.57,16.60
55.550,6.58,16.58
55.600,6.56,16.57
55.650,6.57,16.57
55.700,6.55,16.56
55.750,6.55,16.54
55.800,6.54,16.53
55.850,6.53,16.55
55.900,6.54,16.55
55.950,6.53,16.54
56.000,6.54,16.55
56.050,6.53,16.55
56.100,6.49,16.52
56.150,6.50,16.52
56.200,6.51,16.52
56.250,6.48,16.52
56.300,6.48,16.53
56.350,6.47,16.53
56.400,6.46,16.51
56.450,6.48,16.49
56.500,6.49,16.50
56.550,6.47,16.51
56.600,6.47,16.53
56.650,6.47,16.55
56.770,6.55,16.56
56.820,6.53,16.54
56.870,6.52,16.53
56.920,6.51,16.50
56.970,6.51,16.50
57.020,6.50,16.49
57.070,6.51,16.50
57.120,6.52,16.49
57.170,6.54,16.49
57.220,6.55,16.50
57.270,6.55,16.52
57.320,6.54,16.49
57.370,6.53,16.49
57.420,6.53,16.49
57.470,6.53,16.50
57.520,6.52,16.50
57.570,6.54,16.50
57.620,6.55,16.50
57.670,6.55,16.49
57.720,6.55,16.50
57.770,6.56,16.49
57.820,6.57,16.49
57.870,6.56,16.48
57.920,6.57,16.48
57.970,6.55,16.50
58.020,6.55,16.52
58.070,6.54,16.50
58.120,6.53,16.50
58.230,6.59,16.51
58.280,6.58,16.50
58.330,6.57,16.50
58.380,6.56,16.50
58.430,6.55,16.51
58.480,6.53,16.52
58.530,6.53,16.53
58.580,6.53,16.54
58.630,6.52,16.55
58.680,6.52,16.54
58.730,6.52,16.53
58.780,6.51,16.52
58.830,6.51,16.52
58.880,6.52,16.51
58.930,6.50,16.53
58.980,6.51,16.51
59.030,6.52,16.51
59.080,6.54,16.50
59.130,6.53,16.51
59.180,6.53,16.50
59.230,6.52,16.49
59.280,6.52,16.51
59.330,6.51,16.51
59.380,6.51,16.50
59.430,6.51,16.51
59.480,6.51,16.50
59.530,6.50,16.52
59.580,6.52,16.50
59.690,6.57,16.51
59.740,6.58,16.52
59.790,6.58,16.51
59.840,6.56,16.51
59.890,6.56,16.52
59.940,6.55,16.53
59.990,6.53,16.51
60.040,6.52,16.49
60.090,6.52,16.48
60.140,6.51,16.48
60.190,6.51,16.47
60.240,6.51,16.48
60.290,6.50,16.48
60.340,6.50,16.48
60.390,6.49,16.47
60.440,6.50,16.47
60.490,6.51,16.48
60.540,6.49,16.46
60.590,6.49,16.46
60.640,6.50,16.48
60.690,6.49,16.48
60.740,6.49,16.50
60.790,6.51,16.48
60.840,6.51,16.49
60.890,6.51,16.46
60.940,6.53,16.48
60.990,6.52,16.48
61.040,6.51,16.49
61.170,6.61,16.50
61.220,6.61,16.50
61.270,6.61,16.51
61.320,6.60,16.49
61.370,6.59,16.52
61.420,6.58,16.53
61.470,6.57,16.54
61.520,6.57,16.54
61.570,6.56,16.56
61.620,6.56,16.56
61.670,6.55,16.55
61.720,6.55,16.56
61.770,6.55,16.56
61.820,6.55,16.55
61.870,6.52,16.57
61.920,6.52,16.57
61.970,6.54,16.56
62.020,6.54,16.56
62.070,6.51,16.58
62.120,6.52,16.57
62.170,6.54,16.56
62.220,6.53,16.54
62.270,6.52,16.52
62.320,6.50,16.52
62.370,6.48,16.53
62.420,6.47,16.53
62.470,6.45,16.54
62.520,6.45,16.56
62.700,6.59,16.56
62.750,6.59,16.53
62.800,6.60,16.55
62.850,6.58,16.54
62.900,6.58,16.55
62.950,6.58,16.56
63.000,6.57,16.56
63.050,6.57,16.56
63.100,6.58,16.56
63.150,6.57,16.55
63.200,6.59,16.55
63.250,6.59,16.54
63.300,6.61,16.55
63.350,6.61,16.55
63.400,6.60,16.54
63.450,6.60,16.53
63.500,6.61,16.52
63.550,6.61,16.52
63.600,6.61,16.51
63.650,6.61,16.52
63.700,6.60,16.52
63.750,6.60,16.52
63.800,6.59,16.53
63.850,6.57,16.55
63.900,6.56,16.57
63.950,6.57,16.56
64.000,6.57,16.53
64.050,6.59,16.54
64.160,6.67,16.55
64.210,6.66,16.53
64.260,6.64,16.53
64.310,6.63,16.53
64.360,6.62,16.53
64.410,6.61,16.55
64.460,6.63,16.55
64.510,6.61,16.55
64.560,6.61,16.54
64.610,6.60,16.53
64.660,6.59,16.52
64.710,6.60,16.50
64.760,6.61,16.49
64.810,6.60,16.48
64.860,6.59,16.50
64.910,6.59,16.49
64.960,6.59,16.49
65.010,6.59,16.50
65.060,6.58,16.49
65.110,6.57,16.50
65.160,6.60,16.49
65.210,6.59,16.48
65.260,6.58,16.48
65.310,6.59,16.49
65.360,6.57,16.48
65.410,6.57,16.50
65.460,6.57,16.50
65.510,6.58,16.49
65.610,6.64,16.50
65.660,6.63,16.50
65.710,6.63,16.49
65.760,6.61,16.51
65.810,6.62,16.51
65.860,6.61,16.50
65.910,6.60,16.50
65.960,6.61,16.49
66.010,6.61,16.49
66.060,6.60,16.50
66.110,6.58,16.49
66.160,6.57,16.51
66.210,6.57,16.52
66.260,6.56,16.52
66.310,6.57,16.50
66.360,6.58,16.51
66.410,6.57,16.51
66.460,6.57,16.51
66.510,6.58,16.51
66.560,6.56,16.52
66.610,6.56,16.51
66.660,6.58,16.52
66.710,6.57,16.53
66.760,6.55,16.52
66.810,6.53,16.51
66.860,6.52,16.52
66.910,6.52,16.53
66.960,6.52,16.53
67.060,6.58,16.55
67.110,6.59,16.54
67.160,6.59,16.56
67.210,6.59,16.58
67.260,6.59,16.59
67.310,6.57,16.59
67.360,6.57,16.60
67.410,6.56,16.60
67.460,6.57,16.59
67.510,6.57,16.60
67.560,6.58,16.61
67.610,6.58,16.59
67.660,6.58,16.58
67.710,6.58,16.56
67.760,6.60,16.55
67.810,6.60,16.56
67.860,6.61,16.58
67.910,6.60,16.59
67.960,6.61,16.59
68.010,6.61,16.58
68.060,6.61,16.58
68.110,6.61,16.58
68.160,6.63,16.57
68.210,6.62,16.59
68.260,6.61,16.59
68.310,6.61,16.57
68.360,6.59,16.56
68.410,6.59,16.57
68.520,6.67,16.57
68.570,6.68,16.58
68.620,6.67,16.56
68.670,6.66,16.56
68.720,6.67,16.57
68.770,6.66,16.55
68.820,6.66,16.54
68.870,6.67,16.53
68.920,6.65,16.53
68.970,6.66,16.54
69.020,6.64,16.54
69.070,6.65,16.54
69.120,6.64,16.53
69.170,6.63,16.52
69.220,6.64,16.52
69.270,6.63,16.52
69.320,6.64,16.52
69.370,6.64,16.53
69.420,6.63,16.55
69.470,6.62,16.52
69.520,6.63,16.53
69.570,6.63,16.55
69.620,6.60,16.56
69.670,6.59,16.56
69.720,6.58,16.55
69.770,6.58,16.55
69.820,6.58,16.53
69.870,6.59,16.54
69.980,6.66,16.52
70.030,6.64,16.53
70.080,6.61,16.51
70.130,6.61,16.52
70.180,6.61,16.53
70.230,6.60,16.53
70.280,6.63,16.53
70.330,6.61,16.53
70.380,6.59,16.53
70.430,6.58,16.53
70.480,6.57,16.54
70.530,6.56,16.52
70.580,6.54,16.54
70.630,6.54,16.52
70.680,6.53,16.54
70.730,6.53,16.54
70.780,6.53,16.53
70.830,6.54,16.54
70.880,6.55,16.54
70.930,6.55,16.53
70.980,6.55,16.54
71.030,6.56,16.54
71.080,6.55,16.55
71.130,6.54,16.54
71.180,6.53,16.53
71.230,6.53,16.54
71.280,6.52,16.57
71.330,6.54,16.58
71.440,6.60,16.55
71.490,6.60,16.55
71.540,6.61,16.55
71.590,6.59,16.56
71.640,6.59,16.55
71.690,6.60,16.56
71.740,6.59,16.56
71.790,6.58,16.55
71.840,6.59,16.55
71.890,6.58,16.56
71.940,6.57,16.57
71.990,6.58,16.55
72.040,6.57,16.53
72.090,6.56,16.51
72.140,6.55,16.51
72.190,6.56,16.51
72.240,6.55,16.50
72.290,6.53,16.50
72.340,6.53,16.52
72.390,6.53,16.50
72.440,6.53,16.50
72.490,6.53,16.51
72.540,6.52,16.50
72.590,6.52,16.50
72.640,6.51,16.49
72.690,6.50,16.50
72.740,6.47,16.50
72.790,6.48,16.51
72.910,6.56,16.49
72.960,6.56,16.49
73.010,6.55,16.50
73.060,6.56,16.51
73.110,6.56,16.51
73.160,6.58,16.50
73.210,6.56,16.51
73.260,6.55,16.50
73.310,6.56,16.51
73.360,6.54,16.50
73.410,6.52,16.48
73.460,6.53,16.50
73.510,6.53,16.53
73.560,6.53,16.54
73.610,6.53,16.53
73.660,6.52,16.54
73.710,6.53,16.55
73.760,6.52,16.56
73.810,6.51,16.56
73.860,6.49,16.56
73.910,6.50,16.56
73.960,6.50,16.54
74.010,6.49,16.56
74.060,6.49,16.55
74.110,6.49,16.54
74.160,6.50,16.55
74.210,6.48,16.54
74.260,6.49,16.55
74.450,6.66,16.59
74.500,6.66,16.58
74.550,6.68,16.58
74.600,6.67,16.58
74.650,6.67,16.57
74.700,6.67,16.56
74.750,6.67,16.56
74.800,6.69,16.55
74.850,6.67,16.57
74.900,6.66,16.57
74.950,6.65,16.56
75.000,6.66,16.56
75.050,6.64,16.56
75.100,6.63,16.56
75.150,6.61,16.58
75.200,6.60,16.57
75.250,6.60,16.58
75.300,6.59,16.57
75.350,6.61,16.58
75.400,6.59,16.57
75.450,6.59,16.56
75.500,6.59,16.56
75.550,6.58,16.54
75.600,6.60,16.53
75.650,6.58,16.56
75.700,6.58,16.55
75.750,6.57,16.54
75.800,6.57,16.54
75.910,6.64,16.53
75.960,6.62,16.52
76.010,6.63,16.53
76.060,6.63,16.53
76.110,6.62,16.54
76.160,6.62,16.56
76.210,6.61,16.55
76.260,6.61,16.54
76.310,6.60,16.56
76.360,6.62,16.55
76.410,6.62,16.53
76.460,6.57,16.55
76.510,6.59,16.54
76.560,6.58,16.54
76.610,6.58,16.57
76.660,6.59,16.58
76.710,6.58,16.59
76.760,6.58,16.62
76.810,6.55,16.61
76.860,6.54,16.62
76.910,6.54,16.61
76.960,6.55,16.60
77.010,6.53,16.61
77.060,6.53,16.62
77.110,6.51,16.61
77.160,6.51,16.60
77.210,6.50,16.59
77.260,6.49,16.59
77.500,6.76,16.60
77.550,6.78,16.60
77.600,6.74,16.60
77.650,6.72,16.61
77.700,6.71,16.61
77.750,6.71,16.60
77.800,6.72,16.60
77.850,6.72,16.60
77.900,6.69,16.61
77.950,6.68,16.60
78.000,6.68,16.60
78.050,6.68,16.59
78.100,6.68,16.60
78.150,6.68,16.59
78.200,6.68,16.58
78.250,6.67,16.58
78.300,6.67,16.58
78.350,6.66,16.59
78.400,6.64,16.58
78.450,6.65,16.57
78.500,6.64,16.56
78.550,6.63,16.56
78.600,6.64,16.56
78.650,6.62,16.58
78.700,6.60,16.56
78.750,6.57,16.56
78.800,6.57,16.55
78.850,6.56,16.54
78.940,6.60,16.55
78.990,6.60,16.54
79.040,6.60,16.52
79.090,6.62,16.51
79.140,6.58,16.51
79.190,6.58,16.49
79.240,6.58,16.50
79.290,6.58,16.51
79.340,6.57,16.50
79.390,6.57,16.50
79.440,6.60,16.51
79.490,6.60,16.51
79.540,6.58,16.52
79.590,6.58,16.53
79.640,6.55,16.53
79.690,6.53,16.52
79.740,6.54,16.53
79.790,6.53,16.54
79.840,6.53,16.52
79.890,6.51,16.51
79.940,6.53,16.51
79.990,6.52,16.52
80.040,6.51,16.52
80.090,6.51,16.53
80.140,6.50,16.52
80.190,6.50,16.53
80.240,6.51,16.53
80.290,6.50,16.52
80.400,6.53,16.56
80.450,6.51,16.58
80.500,6.50,16.58
80.550,6.50,16.59
80.600,6.50,16.58
80.650,6.51,16.57
80.700,6.49,16.57
80.750,6.52,16.59
80.800,6.51,16.57
80.850,6.50,16.57
80.900,6.51,16.57
80.950,6.49,16.58
81.000,6.47,16.59
81.050,6.46,16.60
81.100,6.44,16.59
81.150,6.43,16.60
81.200,6.44,16.61
81.250,6.44,16.61
81.300,6.45,16.61
81.350,6.44,16.61
81.400,6.44,16.62
81.450,6.44,16.61
81.500,6.45,16.61
81.550,6.45,16.60
81.600,6.45,16.60
81.650,6.46,16.60
81.700,6.47,16.59
81.750,6.47,16.59
81.860,6.54,16.60
81.910,6.53,16.62
81.960,6.52,16.64
82.010,6.53,16.64
82.060,6.54,16.62
82.110,6.52,16.62
82.160,6.53,16.62
82.210,6.53,16.62
82.260,6.50,16.61
82.310,6.51,16.60
82.360,6.51,16.61
82.410,6.51,16.59
82.460,6.51,16.59
82.510,6.51,16.57
82.560,6.52,16.58
82.610,6.51,16.58
82.660,6.51,16.60
82.710,6.50,16.59
82.760,6.51,16.60
82.810,6.52,16.60
82.860,6.52,16.62
82.910,6.52,16.62
82.960,6.50,16.63
83.010,6.52,16.64
83.060,6.53,16.65
83.110,6.55,16.65
83.160,6.55,16.64
83.210,6.54,16.62
83.330,6.61,16.62
83.380,6.61,16.61
83.430,6.59,16.63
83.480,6.58,16.63
83.530,6.59,16.65
83.580,6.59,16.65
83.630,6.57,16.65
83.680,6.57,16.63
83.730,6.58,16.62
83.780,6.58,16.63
83.830,6.59,16.62
83.880,6.59,16.62
83.930,6.58,16.62
83.980,6.58,16.60
84.030,6.58,16.60
84.080,6.58,16.60
84.130,6.58,16.61
84.180,6.55,16.60
84.230,6.55,16.61
84.280,6.54,16.62
84.330,6.54,16.60
84.380,6.52,16.59
84.430,6.52,16.59
84.480,6.52,16.58
84.530,6.51,16.57
84.580,6.50,16.58
84.630,6.50,16.56
84.680,6.51,16.58
84.810,6.58,16.61
84.860,6.58,16.62
84.910,6.58,16.62
84.960,6.58,16.63
85.010,6.58,16.64
85.060,6.57,16.65
85.110,6.57,16.62
85.160,6.58,16.65
85.210,6.57,16.64
85.260,6.56,16.63
85.310,6.55,16.62
85.360,6.55,16.63
85.410,6.54,16.61
85.460,6.54,16.62
85.510,6.53,16.61
85.560,6.55,16.60
85.610,6.55,16.61
85.660,6.56,16.61
85.710,6.56,16.61
85.760,6.55,16.61
85.810,6.52,16.58
85.860,6.52,16.58
85.910,6.52,16.59
85.960,6.52,16.60
86.010,6.50,16.59
86.060,6.48,16.60
86.110,6.48,16.58
86.160,6.50,16.59
86.320,6.66,16.57
86.370,6.65,16.57
86.420,6.64,16.56
86.470,6.64,16.57
86.520,6.63,16.56
86.570,6.66,16.57
86.620,6.66,16.58
86.670,6.67,16.59
86.720,6.66,16.59
86.770,6.66,16.58
86.820,6.64,16.58
86.870,6.63,16.56
86.920,6.62,16.57
86.970,6.63,16.58
87.020,6.62,16.59
87.070,6.61,16.57
87.120,6.61,16.57
87.170,6.60,16.58
87.220,6.60,16.58
87.270,6.59,16.60
87.320,6.61,16.59
87.370,6.62,16.58
87.420,6.62,16.59
87.470,6.59,16.60
87.520,6.62,16.60
87.570,6.62,16.59
87.620,6.63,16.59
87.670,6.59,16.56
87.770,6.65,16.54
87.820,6.63,16.53
87.870,6.64,16.56
87.920,6.64,16.55
87.970,6.62,16.54
88.020,6.62,16.54
88.070,6.64,16.53
88.120,6.64,16.55
88.170,6.63,16.54
88.220,6.62,16.52
88.270,6.63,16.53
88.320,6.60,16.54
88.370,6.60,16.57
88.420,6.59,16.55
88.470,6.58,16.56
88.520,6.57,16.56
88.570,6.56,16.56
88.620,6.55,16.53
88.670,6.54,16.53
88.720,6.55,16.53
88.770,6.55,16.54
88.820,6.52,16.53
88.870,6.53,16.56
88.920,6.53,16.55
88.970,6.53,16.53
89.020,6.54,16.56
89.070,6.54,16.55
89.120,6.55,16.53
89.220,6.61,16.55
89.270,6.59,16.54
89.320,6.59,16.54
89.370,6.59,16.55
89.420,6.58,16.54
89.470,6.58,16.53
89.520,6.57,16.52
89.570,6.56,16.53
89.620,6.56,16.55
89.670,6.55,16.54
89.720,6.55,16.53
89.770,6.54,16.51
89.820,6.55,16.52
89.870,6.56,16.51
89.920,6.56,16.51
89.970,6.56,16.50
90.020,6.56,16.48
90.070,6.56,16.49
90.120,6.55,16.48
90.170,6.57,16.48
90.220,6.59,16.51
90.270,6.57,16.51
90.320,6.58,16.51
90.370,6.57,16.50
90.420,6.59,16.50
90.470,6.58,16.52
90.520,6.59,16.51
90.570,6.58,16.52
90.670,6.62,16.53
90.720,6.62,16.53
90.770,6.61,16.55
90.820,6.58,16.54
90.870,6.58,16.54
90.920,6.58,16.54
90.970,6.59,16.54
91.020,6.56,16.53
91.070,6.56,16.53
91.120,6.55,16.53
91.170,6.57,16.52
91.220,6.55,16.52
91.270,6.56,16.52
91.320,6.55,16.50
91.370,6.54,16.51
91.420,6.55,16.51
91.470,6.56,16.49
91.520,6.56,16.49
91.570,6.56,16.48
91.620,6.54,16.47
91.670,6.52,16.47
91.720,6.51,16.48
91.770,6.52,16.49
91.820,6.53,16.49
91.870,6.51,16.50
91.920,6.53,16.50
91.970,6.51,16.51
92.020,6.52,16.51
92.130,6.61,16.52
92.180,6.61,16.53
92.230,6.61,16.53
92.280,6.62,16.52
92.330,6.61,16.53
92.380,6.59,16.52
92.430,6.58,16.53
92.480,6.59,16.53
92.530,6.57,16.53
92.580,6.54,16.54
92.630,6.54,16.54
92.680,6.53,16.49
92.730,6.51,16.49
92.780,6.50,16.48
92.830,6.50,16.47
92.880,6.50,16.45
92.930,6.51,16.45
92.980,6.50,16.45
93.030,6.51,16.45
93.080,6.52,16.45
93.130,6.52,16.44
93.180,6.51,16.43
93.230,6.52,16.44
93.280,6.53,16.46
93.330,6.52,16.46
93.380,6.52,16.48
93.430,6.51,16.48
93.480,6.52,16.47
93.600,6.60,16.46
93.650,6.59,16.45
93.700,6.59,16.45
93.750,6.57,16.45
93.800,6.57,16.45
93.850,6.59,16.48
93.900,6.59,16.48
93.950,6.62,16.48
94.000,6.61,16.49
94.050,6.59,16.49
94.100,6.61,16.52
94.150,6.61,16.51
94.200,6.60,16.51
94.250,6.58,16.51
94.300,6.58,16.50
94.350,6.58,16.49
94.400,6.54,16.50
94.450,6.52,16.48
94.500,6.52,16.48
94.550,6.52,16.48
94.600,6.51,16.48
94.650,6.50,16.47
94.700,6.50,16.46
94.750,6.51,16.47
94.800,6.51,16.47
94.850,6.52,16.49
94.900,6.51,16.49
94.950,6.51,16.50
95.060,6.57,16.51
95.110,6.56,16.49
95.160,6.57,16.48
95.210,6.57,16.47
95.260,6.56,16.48
95.310,6.54,16.48
95.360,6.53,16.49
95.410,6.52,16.52
95.460,6.52,16.52
95.510,6.52,16.54
95.560,6.52,16.54
95.610,6.54,16.53
95.660,6.54,16.52
95.710,6.53,16.54
95.760,6.54,16.53
95.810,6.56,16.55
95.860,6.57,16.55
95.910,6.57,16.54
95.960,6.56,16.57
96.010,6.55,16.56
96.060,6.55,16.55
96.110,6.54,16.55
96.160,6.52,16.53
96.210,6.52,16.52
96.260,6.52,16.52
96.310,6.52,16.52
96.360,6.52,16.50
96.410,6.52,16.51
96.520,6.58,16.53
96.570,6.59,16.55
96.620,6.58,16.51
96.670,6.58,16.49
96.720,6.57,16.53
96.770,6.57,16.53
96.820,6.59,16.53
96.870,6.60,16.54
96.920,6.61,16.52
96.970,6.61,16.49
97.020,6.59,16.52
97.070,6.58,16.53
97.120,6.59,16.53
97.170,6.57,16.54
97.220,6.55,16.53
97.270,6.56,16.54
97.320,6.56,16.55
97.370,6.54,16.56
97.420,6.53,16.57
97.470,6.53,16.57
97.520,6.54,16.57
97.570,6.52,16.56
97.620,6.52,16.57
97.670,6.53,16.57
97.720,6.54,16.56
97.770,6.52,16.56
97.820,6.51,16.55
97.870,6.51,16.53
98.030,6.65,16.55
98.080,6.63,16.55
98.130,6.62,16.53
98.180,6.60,16.53
98.230,6.60,16.55
98.280,6.61,16.55
98.330,6.63,16.55
98.380,6.63,16.56
98.430,6.62,16.56
98.480,6.61,16.54
98.530,6.61,16.52
98.580,6.63,16.52
98.630,6.62,16.52
98.680,6.61,16.52
98.730,6.60,16.52
98.780,6.61,16.52
98.830,6.60,16.53
98.880,6.58,16.52
98.930,6.56,16.54
98.980,6.54,16.53
99.030,6.54,16.52
99.080,6.54,16.50
99.130,6.52,16.50
99.180,6.54,16.52
99.230,6.55,16.52
99.280,6.55,16.51
99.330,6.56,16.52
99.380,6.56,16.51
99.480,6.60,16.53
99.530,6.59,16.53
99.580,6.58,16.53
99.630,6.58,16.51
99.680,6.58,16.53
99.730,6.57,16.53
99.780,6.56,16.53
99.830,6.54,16.55
99.880,6.55,16.55
99.930,6.55,16.55
99.980,6.55,16.55
100.030,6.55,16.57
100.080,6.55,16.57
100.130,6.54,16.57
100.180,6.52,16.59
100.230,6.50,16.58
100.280,6.49,16.60
100.330,6.49,16.59
100.380,6.53,16.59
100.430,6.54,16.57
100.480,6.55,16.58
100.530,6.54,16.59
100.580,6.53,16.59
100.630,6.51,16.58
100.680,6.51,16.57
100.730,6.51,16.57
100.780,6.50,16.57
100.980,6.67,16.60
101.030,6.64,16.59
101.080,6.62,16.58
101.130,6.63,16.59
101.180,6.61,16.59
101.230,6.60,16.60
101.280,6.60,16.58
101.330,6.57,16.59
101.380,6.56,16.60
101.430,6.55,16.60
101.480,6.54,16.58
101.530,6.53,16.57
101.580,6.53,16.57
101.630,6.56,16.57
101.680,6.55,16.58
101.730,6.56,16.56
101.780,6.56,16.55
101.830,6.55,16.56
101.880,6.55,16.56
101.930,6.55,16.55
101.980,6.56,16.54
102.030,6.56,16.57
102.080,6.54,16.58
102.130,6.54,16.57
102.180,6.54,16.56
102.230,6.53,16.57
102.330,6.58,16.57
102.380,6.59,16.58
102.430,6.57,16.58
102.480,6.56,16.57
102.530,6.55,16.58
102.580,6.54,16.57
102.630,6.54,16.57
102.680,6.53,16.58
102.730,6.53,16.56
102.780,6.52,16.56
102.830,6.52,16.55
102.880,6.51,16.53
102.930,6.51,16.54
102.980,6.52,16.53
103.030,6.53,16.55
103.080,6.53,16.54
103.130,6.54,16.55
103.180,6.55,16.54
103.230,6.55,16.55
103.280,6.55,16.55
103.330,6.54,16.52
103.380,6.54,16.51
103.430,6.54,16.51
103.480,6.54,16.50
103.530,6.53,16.48
103.580,6.53,16.51
103.680,6.56,16.49
103.730,6.56,16.50
103.780,6.55,16.51
103.830,6.54,16.49
103.880,6.53,16.49
103.930,6.52,16.49
103.980,6.50,16.49
104.030,6.51,16.49
104.080,6.50,16.48
104.130,6.50,16.47
104.180,6.50,16.48
104.230,6.50,16.48
104.280,6.49,16.47
104.330,6.49,16.47
104.380,6.50,16.48
104.430,6.50,16.47
104.480,6.51,16.46
104.530,6.50,16.47
104.580,6.50,16.46
104.630,6.51,16.46
104.680,6.51,16.47
104.730,6.52,16.46
104.780,6.52,16.48
104.830,6.51,16.48
104.880,6.52,16.50
104.930,6.53,16.51
105.040,6.58,16.51
105.090,6.60,16.51
105.140,6.61,16.51
105.190,6.61,16.51
105.240,6.61,16.50
105.290,6.60,16.52
105.340,6.60,16.53
105.390,6.60,16.55
105.440,6.59,16.55
105.490,6.60,16.55
105.540,6.61,16.53
105.590,6.60,16.53
105.640,6.61,16.53
105.690,6.60,16.50
105.740,6.59,16.48
105.790,6.59,16.50
105.840,6.59,16.50
105.890,6.58,16.48
105.940,6.58,16.49
105.990,6.57,16.50
106.040,6.57,16.50
106.090,6.57,16.51
106.140,6.59,16.51
106.190,6.57,16.50
106.240,6.58,16.49
106.290,6.56,16.47
106.400,6.62,16.48
106.450,6.61,16.49
106.500,6.63,16.50
106.550,6.63,16.52
106.600,6.62,16.53
106.650,6.62,16.52
106.700,6.61,16.54
106.750,6.61,16.53
106.800,6.60,16.52
106.850,6.59,16.51
106.900,6.59,16.53
106.950,6.58,16.52
107.000,6.58,16.55
107.050,6.59,16.55
107.100,6.58,16.55
107.150,6.56,16.53
107.200,6.55,16.53
107.250,6.53,16.53
107.300,6.52,16.52
107.350,6.49,16.51
107.400,6.50,16.52
107.450,6.50,16.52
107.500,6.50,16.52
107.550,6.50,16.51
107.600,6.49,16.50
107.650,6.50,16.51
107.760,6.57,16.49
107.810,6.55,16.48
107.860,6.55,16.47
107.910,6.54,16.48
107.960,6.53,16.46
108.010,6.53,16.47
108.060,6.53,16.47
108.110,6.54,16.47
108.160,6.55,16.48
108.210,6.53,16.47
108.260,6.54,16.49
108.310,6.54,16.47
108.360,6.50,16.46
108.410,6.50,16.46
108.460,6.51,16.45
108.510,6.49,16.46
108.560,6.51,16.45
108.610,6.50,16.44
108.660,6.48,16.45
108.710,6.47,16.46
108.760,6.46,16.46
108.810,6.42,16.45
108.860,6.43,16.45
108.910,6.44,16.42
108.960,6.46,16.44
109.010,6.45,16.45
109.170,6.57,16.44
109.220,6.60,16.44
109.270,6.60,16.44
109.320,6.59,16.45
109.370,6.59,16.48
109.420,6.60,16.50
109.470,6.59,16.52
109.520,6.58,16.50
109.570,6.58,16.52
109.620,6.57,16.51
109.670,6.57,16.51
109.720,6.59,16.52
109.770,6.59,16.54
109.820,6.58,16.56
109.870,6.58,16.56
109.920,6.59,16.55
109.970,6.58,16.57
110.020,6.57,16.55
110.070,6.57,16.55
110.120,6.56,16.55
110.170,6.58,16.55
110.220,6.58,16.54
110.270,6.57,16.52
110.320,6.59,16.53
110.370,6.57,16.52
110.420,6.56,16.53
110.520,6.63,16.55
110.570,6.61,16.55
110.620,6.61,16.53
110.670,6.62,16.54
110.720,6.61,16.52
110.770,6.60,16.50
110.820,6.59,16.48
110.870,6.59,16.50
110.920,6.58,16.49
110.970,6.57,16.49
111.020,6.56,16.50
111.070,6.57,16.47
111.120,6.56,16.47
111.170,6.55,16.46
111.220,6.55,16.46
111.270,6.53,16.46
111.320,6.52,16.46
111.370,6.52,16.46
111.420,6.55,16.46
111.470,6.55,16.47
111.520,6.55,16.48
111.570,6.57,16.48
111.620,6.58,16.48
111.670,6.58,16.49
111.720,6.58,16.51
111.770,6.58,16.51
111.870,6.65,16.52
111.920,6.66,16.51
111.970,6.65,16.50
112.020,6.64,16.49
112.070,6.62,16.49
112.120,6.60,16.50
112.170,6.59,16.52
112.220,6.59,16.51
112.270,6.59,16.52
112.320,6.58,16.51
112.370,6.59,16.49
112.420,6.59,16.48
112.470,6.59,16.49
112.520,6.59,16.50
112.570,6.60,16.49
112.620,6.61,16.50
112.670,6.61,16.50
112.720,6.60,16.51
112.770,6.58,16.51
112.820,6.58,16.54
112.870,6.57,16.56
112.920,6.59,16.56
112.970,6.59,16.55
113.020,6.59,16.55
113.070,6.60,16.54
113.120,6.59,16.53
113.220,6.64,16.54
113.270,6.65,16.54
113.320,6.64,16.53
113.370,6.64,16.54
113.420,6.62,16.52
113.470,6.63,16.52
113.520,6.64,16.54
113.570,6.61,16.54
113.620,6.60,16.55
113.670,6.60,16.56
113.720,6.62,16.57
113.770,6.62,16.56
113.820,6.61,16.58
113.870,6.62,16.57
113.920,6.62,16.55
113.970,6.61,16.51
114.020,6.60,16.50
114.070,6.61,16.52
114.120,6.61,16.52
114.170,6.59,16.52
114.220,6.58,16.52
114.270,6.58,16.52
114.320,6.57,16.51
114.370,6.57,16.52
114.420,6.54,16.52
114.470,6.55,16.54
114.580,6.61,16.53
114.630,6.60,16.53
114.680,6.61,16.52
114.730,6.59,16.52
114.780,6.57,16.53
114.830,6.58,16.52
114.880,6.59,16.52
114.930,6.59,16.53
114.980,6.60,16.52
115.030,6.57,16.52
115.080,6.56,16.51
115.130,6.56,16.52
115.180,6.55,16.51
115.230,6.55,16.52
115.280,6.56,16.51
115.330,6.56,16.49
115.380,6.56,16.49
115.430,6.56,16.50
115.480,6.56,16.50
115.530,6.55,16.48
115.580,6.53,16.49
115.630,6.53,16.50
115.680,6.52,16.50
115.730,6.52,16.50
115.780,6.50,16.50
115.830,6.50,16.49
115.950,6.59,16.49
116.000,6.56,16.49
116.050,6.57,16.50
116.100,6.58,16.51
116.150,6.58,16.51
116.200,6.58,16.51
116.250,6.59,16.51
116.300,6.57,16.51
116.350,6.58,16.52
116.400,6.59,16.51
116.450,6.58,16.53
116.500,6.59,16.52
116.550,6.58,16.53
116.600,6.59,16.54
116.650,6.59,16.58
116.700,6.58,16.58
116.750,6.58,16.60
116.800,6.59,16.56
116.850,6.58,16.55
116.900,6.58,16.55
116.950,6.57,16.53
117.000,6.56,16.57
117.050,6.56,16.58
117.100,6.54,16.58
117.150,6.53,16.58
117.200,6.54,16.56
117.320,6.62,16.55
117.370,6.60,16.55
117.420,6.61,16.56
117.470,6.61,16.58
117.520,6.60,16.57
117.570,6.58,16.58
117.620,6.56,16.55
117.670,6.57,16.55
117.720,6.55,16.55
117.770,6.57,16.57
117.820,6.56,16.59
117.870,6.54,16.59
117.920,6.54,16.56
117.970,6.53,16.55
118.020,6.54,16.56
118.070,6.54,16.56
118.120,6.55,16.57
118.170,6.57,16.56
118.220,6.57,16.54
118.270,6.54,16.53
118.320,6.54,16.54
118.370,6.53,16.53
118.420,6.53,16.53
118.470,6.52,16.53
118.520,6.50,16.52
118.570,6.50,16.53
118.690,6.58,16.54
118.740,6.59,16.54
118.790,6.58,16.54
118.840,6.57,16.53
118.890,6.57,16.52
118.940,6.58,16.52
118.990,6.57,16.52
119.040,6.56,16.51
119.090,6.57,16.52
119.140,6.56,16.52
119.190,6.56,16.53
119.240,6.55,16.54
119.290,6.57,16.55
119.340,6.56,16.55
119.390,6.56,16.56
119.440,6.56,16.54
119.490,6.57,16.54
119.540,6.55,16.54
119.590,6.54,16.53
119.640,6.52,16.53
119.690,6.50,16.52
119.740,6.50,16.52
119.790,6.51,16.52
119.840,6.51,16.52
119.890,6.52,16.53
119.940,6.52,16.55
120.110,6.66,16.55
120.160,6.65,16.54
120.210,6.66,16.53
120.260,6.63,16.54
120.310,6.62,16.55
120.360,6.62,16.55
120.410,6.59,16.52
120.460,6.59,16.54
120.510,6.57,16.54
120.560,6.58,16.53
120.610,6.61,16.55
120.660,6.59,16.55
120.710,6.58,16.57
120.760,6.57,16.57
120.810,6.57,16.55
120.860,6.56,16.54
120.910,6.55,16.55
120.960,6.56,16.54
121.010,6.57,16.53
121.060,6.56,16.53
121.110,6.55,16.53
121.160,6.56,16.52
121.210,6.54,16.52
121.260,6.55,16.52
121.310,6.55,16.52
121.360,6.57,16.52
121.470,6.64,16.51
121.520,6.63,16.52
121.570,6.62,16.54
121.620,6.61,16.56
121.670,6.60,16.56
121.720,6.59,16.56
121.770,6.60,16.58
121.820,6.58,16.56
121.870,6.58,16.56
121.920,6.55,16.55
121.970,6.55,16.57
122.020,6.56,16.59
122.070,6.56,16.58
122.120,6.55,16.57
122.170,6.53,16.60
122.220,6.54,16.59
122.270,6.53,16.57
122.320,6.54,16.56
122.370,6.54,16.58
122.420,6.54,16.57
122.470,6.53,16.57
122.520,6.52,16.56
122.570,6.54,16.54
122.620,6.53,16.54
122.670,6.53,16.56
122.720,6.52,16.55
122.920,6.71,16.53
122.970,6.69,16.54
123.020,6.70,16.54
123.070,6.68,16.51
123.120,6.65,16.52
123.170,6.63,16.52
123.220,6.63,16.53
123.270,6.60,16.52
123.320,6.59,16.54
123.370,6.59,16.54
123.420,6.60,16.55
123.470,6.60,16.54
123.520,6.58,16.54
123.570,6.56,16.53
123.620,6.56,16.52
123.670,6.53,16.52
123.720,6.54,16.50
123.770,6.55,16.50
123.820,6.55,16.49
123.870,6.53,16.51
123.920,6.54,16.50
123.970,6.53,16.50
124.020,6.54,16.52
124.070,6.54,16.52
124.120,6.55,16.54
124.170,6.55,16.56
124.270,6.61,16.57
124.320,6.61,16.58
124.370,6.61,16.56
124.420,6.60,16.57
124.470,6.59,16.56
124.520,6.58,16.55
124.570,6.58,16.55
124.620,6.56,16.56
124.670,6.59,16.57
124.720,6.59,16.58
124.770,6.58,16.59
124.820,6.58,16.59
124.870,6.55,16.60
124.920,6.51,16.60
124.970,6.51,16.57
125.020,6.53,16.58
125.070,6.53,16.58
125.120,6.53,16.59
125.170,6.52,16.57
125.220,6.53,16.58
125.270,6.54,16.59
125.320,6.55,16.58
125.370,6.54,16.57
125.420,6.55,16.57
125.470,6.54,16.56
125.520,6.54,16.56
125.620,6.58,16.55
125.670,6.58,16.56
125.720,6.56,16.54
125.770,6.57,16.52
125.820,6.59,16.52
125.870,6.58,16.51
125.920,6.58,16.53
125.970,6.57,16.54
126.020,6.57,16.54
126.070,6.54,16.55
126.120,6.54,16.55
126.170,6.55,16.55
126.220,6.56,16.54
126.270,6.56,16.52
126.320,6.55,16.54
126.370,6.53,16.54
126.420,6.54,16.55
126.470,6.55,16.56
126.520,6.55,16.56
126.570,6.54,16.55
126.620,6.53,16.53
126.670,6.51,16.55
126.720,6.51,16.55
126.770,6.50,16.55
126.820,6.51,16.56
126.870,6.53,16.57
126.980,6.61,16.65
127.030,6.60,16.64
127.080,6.62,16.64
127.130,6.59,16.64
127.180,6.58,16.61
127.230,6.59,16.61
127.280,6.59,16.61
127.330,6.58,16.59
127.380,6.56,16.58
127.430,6.57,16.57
127.480,6.57,16.60
127.530,6.57,16.59
127.580,6.56,16.59
127.630,6.55,16.57
127.680,6.56,16.58
127.730,6.56,16.59
127.780,6.57,16.58
127.830,6.60,16.57
127.880,6.61,16.56
127.930,6.58,16.58
127.980,6.57,16.56
128.030,6.58,16.57
128.080,6.56,16.55
128.130,6.54,16.57
128.180,6.54,16.57
128.230,6.52,16.60
128.340,6.60,16.57
128.390,6.57,16.57
128.440,6.60,16.56
128.490,6.62,16.54
128.540,6.62,16.55
128.590,6.60,16.54
128.640,6.60,16.53
128.690,6.59,16.54
128.740,6.58,16.53
128.790,6.59,16.52
128.840,6.57,16.52
128.890,6.55,16.52
128.940,6.55,16.53
128.990,6.56,16.54
129.040,6.57,16.56
129.090,6.56,16.58
129.140,6.55,16.59
129.190,6.53,16.57
129.240,6.52,16.57
129.290,6.52,16.57
129.340,6.53,16.57
129.390,6.52,16.54
129.440,6.50,16.54
129.490,6.52,16.52
129.540,6.53,16.49
129.590,6.54,16.49
129.700,6.61,16.48
129.750,6.61,16.49
129.800,6.60,16.50
129.850,6.61,16.51
129.900,6.60,16.51
129.950,6.60,16.50
130.000,6.62,16.49
130.050,6.59,16.52
130.100,6.58,16.53
130.150,6.60,16.53
130.200,6.61,16.54
130.250,6.62,16.53
130.300,6.63,16.54
130.350,6.59,16.55
130.400,6.59,16.54
130.450,6.60,16.54
130.500,6.61,16.52
130.550,6.62,16.51
130.600,6.60,16.52
130.650,6.57,16.52
130.700,6.57,16.53
130.750,6.58,16.51
130.800,6.58,16.51
130.850,6.60,16.50
130.900,6.60,16.51
130.950,6.57,16.51
131.080,6.67,16.53
131.130,6.64,16.55
131.180,6.64,16.58
131.230,6.65,16.56
131.280,6.62,16.57
131.330,6.60,16.56
131.380,6.60,16.56
131.430,6.58,16.60
131.480,6.59,16.57
131.530,6.56,16.57
131.580,6.54,16.57
131.630,6.54,16.57
131.680,6.54,16.55
131.730,6.55,16.56
131.780,6.55,16.58
131.830,6.55,16.58
131.880,6.55,16.58
131.930,6.53,16.55
131.980,6.52,16.52
132.030,6.53,16.51
132.080,6.53,16.50
132.130,6.52,16.51
132.180,6.54,16.51
132.230,6.55,16.51
132.280,6.55,16.52
132.330,6.55,16.52
132.510,6.73,16.48
132.560,6.72,16.47
132.610,6.69,16.47
132.660,6.72,16.47
132.710,6.70,16.49
132.760,6.70,16.48
132.810,6.70,16.46
132.860,6.69,16.46
132.910,6.67,16.45
132.960,6.67,16.46
133.010,6.66,16.48
133.060,6.66,16.49
133.110,6.63,16.51
133.160,6.63,16.52
133.210,6.63,16.52
133.260,6.61,16.51
133.310,6.59,16.52
133.360,6.59,16.51
133.410,6.58,16.52
133.460,6.58,16.54
133.510,6.57,16.53
133.560,6.57,16.52
133.610,6.55,16.52
133.660,6.54,16.52
133.710,6.54,16.51
133.760,6.53,16.53
133.870,6.60,16.53
133.920,6.60,16.52
133.970,6.61,16.51
134.020,6.59,16.51
134.070,6.59,16.50
134.120,6.58,16.51
134.170,6.57,16.53
134.220,6.57,16.53
134.270,6.57,16.54
134.320,6.56,16.56
134.370,6.55,16.55
134.420,6.53,16.53
134.470,6.53,16.54
134.520,6.53,16.53
134.570,6.53,16.53
134.620,6.52,16.54
134.670,6.53,16.55
134.720,6.51,16.55
134.770,6.53,16.56
134.820,6.53,16.55
134.870,6.54,16.57
134.920,6.56,16.56
134.970,6.55,16.57
135.020,6.55,16.56
135.070,6.56,16.56
135.120,6.55,16.57
135.240,6.63,16.59
135.290,6.63,16.60
135.340,6.63,16.58
135.390,6.62,16.57
135.440,6.60,16.56
135.490,6.59,16.56
135.540,6.58,16.57
135.590,6.57,16.58
135.640,6.55,16.59
135.690,6.57,16.57
135.740,6.58,16.58
135.790,6.58,16.56
135.840,6.60,16.58
135.890,6.61,16.58
135.940,6.60,16.59
135.990,6.61,16.58
136.040,6.59,16.57
136.090,6.59,16.56
136.140,6.57,16.55
136.190,6.57,16.54
136.240,6.58,16.55
136.290,6.57,16.53
136.340,6.57,16.56
136.390,6.57,16.56
136.440,6.58,16.55
136.490,6.58,16.56
136.600,6.63,16.56
136.650,6.61,16.56
136.700,6.60,16.55
136.750,6.62,16.55
136.800,6.62,16.55
136.850,6.60,16.55
136.900,6.59,16.55
136.950,6.59,16.56
137.000,6.59,16.57
137.050,6.60,16.57
137.100,6.61,16.57
137.150,6.59,16.57
137.200,6.58,16.58
137.250,6.58,16.58
137.300,6.57,16.59
137.350,6.56,16.59
137.400,6.56,16.62
137.450,6.57,16.62
137.500,6.59,16.62
137.550,6.57,16.63
137.600,6.58,16.62
137.650,6.57,16.61
137.700,6.56,16.60
137.750,6.57,16.61
137.800,6.57,16.60
137.850,6.56,16.57
137.960,6.62,16.56
138.010,6.62,16.57
138.060,6.62,16.57
138.110,6.61,16.56
138.160,6.61,16.57
138.210,6.60,16.57
138.260,6.59,16.54
138.310,6.60,16.55
138.360,6.59,16.52
138.410,6.60,16.52
138.460,6.60,16.53
138.510,6.58,16.53
138.560,6.59,16.52
138.610,6.61,16.52
138.660,6.60,16.53
138.710,6.62,16.53
138.760,6.60,16.52
138.810,6.58,16.51
138.860,6.57,16.53
138.910,6.58,16.51
138.960,6.58,16.51
139.010,6.56,16.52
139.060,6.55,16.51
139.110,6.53,16.52
139.160,6.52,16.53
139.210,6.53,16.53
139.330,6.60,16.55
139.380,6.60,16.55
139.430,6.58,16.52
139.480,6.57,16.50
139.530,6.56,16.54
139.580,6.55,16.50
139.630,6.55,16.49
139.680,6.53,16.52
139.730,6.53,16.52
139.780,6.54,16.53
139.830,6.51,16.53
139.880,6.51,16.53
139.930,6.51,16.53
139.980,6.52,16.53
140.030,6.52,16.56
140.080,6.51,16.53
140.130,6.53,16.51
140.180,6.51,16.50
140.230,6.49,16.48
140.280,6.49,16.49
140.330,6.49,16.49
140.380,6.48,16.50
140.430,6.49,16.51
140.480,6.49,16.50
140.530,6.51,16.49
140.580,6.51,16.46
140.700,6.59,16.45
140.750,6.58,16.46
140.800,6.58,16.49
140.850,6.57,16.48
140.900,6.58,16.50
140.950,6.58,16.49
141.000,6.58,16.49
141.050,6.59,16.48
141.100,6.57,16.49
141.150,6.55,16.52
141.200,6.52,16.52
141.250,6.52,16.52
141.300,6.48,16.50
141.350,6.49,16.49
141.400,6.51,16.51
141.450,6.52,16.51
141.500,6.51,16.51
141.550,6.51,16.53
141.600,6.51,16.53
141.650,6.52,16.53
141.700,6.52,16.54
141.750,6.52,16.55
141.800,6.52,16.54
141.850,6.52,16.53
141.900,6.50,16.53
141.950,6.50,16.53
142.070,6.59,16.55
142.120,6.59,16.55
142.170,6.58,16.54
142.220,6.56,16.55
142.270,6.55,16.55
142.320,6.54,16.54
142.370,6.55,16.56
142.420,6.54,16.56
142.470,6.55,16.57
142.520,6.55,16.56
142.570,6.54,16.54
142.620,6.55,16.54
142.670,6.55,16.56
142.720,6.56,16.54
142.770,6.55,16.52
142.820,6.54,16.54
142.870,6.54,16.54
142.920,6.56,16.54
142.970,6.58,16.52
143.020,6.55,16.52
143.070,6.56,16.51
143.120,6.57,16.50
143.170,6.55,16.51
143.220,6.53,16.50
143.270,6.52,16.50
143.320,6.53,16.51
143.480,6.68,16.52
143.530,6.67,16.51
143.580,6.66,16.51
143.630,6.66,16.51
143.680,6.64,16.51
143.730,6.63,16.50
143.780,6.63,16.50
143.830,6.61,16.50
143.880,6.59,16.50
143.930,6.59,16.52
143.980,6.58,16.50
144.030,6.56,16.50
144.080,6.56,16.48
144.130,6.55,16.48
144.180,6.54,16.48
144.230,6.53,16.46
144.280,6.50,16.49
144.330,6.51,16.49
144.380,6.51,16.50
144.430,6.50,16.51
144.480,6.51,16.52
144.530,6.51,16.51
144.580,6.51,16.50
144.630,6.51,16.49
144.680,6.53,16.48
144.730,6.52,16.48
144.920,6.67,16.50
144.970,6.67,16.49
145.020,6.67,16.50
145.070,6.66,16.50
145.120,6.65,16.52
145.170,6.62,16.52
145.220,6.61,16.54
145.270,6.60,16.52
145.320,6.57,16.51
145.370,6.55,16.51
145.420,6.53,16.51
145.470,6.53,16.48
145.520,6.53,16.48
145.570,6.50,16.47
145.620,6.48,16.48
145.670,6.46,16.49
145.720,6.46,16.50
145.770,6.46,16.49
145.820,6.44,16.48
145.870,6.45,16.48
145.920,6.47,16.48
145.970,6.47,16.48
146.020,6.44,16.50
146.070,6.46,16.50
146.120,6.46,16.50
146.170,6.46,16.50
146.260,6.52,16.48
146.310,6.50,16.46
146.360,6.51,16.45
146.410,6.52,16.46
146.460,6.50,16.46
146.510,6.50,16.47
146.560,6.50,16.49
146.610,6.49,16.48
146.660,6.51,16.48
146.710,6.51,16.48
146.760,6.51,16.47
146.810,6.51,16.50
146.860,6.49,16.49
146.910,6.49,16.50
146.960,6.48,16.50
147.010,6.49,16.51
147.060,6.48,16.53
147.110,6.47,16.53
147.160,6.48,16.51
147.210,6.46,16.51
147.260,6.44,16.50
147.310,6.45,16.49
147.360,6.44,16.47
147.410,6.44,16.47
147.460,6.45,16.46
147.510,6.46,16.46
147.610,6.53,16.47
147.660,6.56,16.47
147.710,6.58,16.47
147.760,6.58,16.48
147.810,6.59,16.49
147.860,6.57,16.49
147.910,6.57,16.48
147.960,6.58,16.48
148.010,6.59,16.49
148.060,6.59,16.50
148.110,6.60,16.50
148.160,6.60,16.48
148.210,6.60,16.46
148.260,6.60,16.48
148.310,6.59,16.51
148.360,6.61,16.50
148.410,6.60,16.49
148.460,6.59,16.47
148.510,6.62,16.50
148.560,6.61,16.48
148.610,6.57,16.52
148.660,6.58,16.53
148.710,6.57,16.51
148.760,6.55,16.51
148.810,6.56,16.51
148.860,6.54,16.51
148.970,6.59,16.51
149.020,6.57,16.51
149.070,6.55,16.50
149.120,6.56,16.49
149.170,6.55,16.49
149.220,6.54,16.48
149.270,6.51,16.46
149.320,6.51,16.47
149.370,6.50,16.46
149.420,6.52,16.48
149.470,6.52,16.50
149.520,6.50,16.48
149.570,6.50,16.49
149.620,6.51,16.51
149.670,6.51,16.50
149.720,6.51,16.50
149.770,6.50,16.50
149.820,6.50,16.53
149.870,6.52,16.53
149.920,6.48,16.53
149.970,6.48,16.55
150.020,6.47,16.53
150.070,6.47,16.52
150.120,6.49,16.53
150.170,6.48,16.53
150.220,6.49,16.52
150.330,6.57,16.54
150.380,6.56,16.54
150.430,6.55,16.53
150.480,6.55,16.54
150.530,6.54,16.54
150.580,6.51,16.54
150.630,6.52,16.55
150.680,6.51,16.54
150.730,6.51,16.55
150.780,6.51,16.54
150.830,6.52,16.53
150.880,6.52,16.54
150.930,6.53,16.55
150.980,6.54,16.56
151.030,6.52,16.56
151.080,6.52,16.57
151.130,6.51,16.58
151.180,6.51,16.57
151.230,6.50,16.58
151.280,6.52,16.57
151.330,6.51,16.56
151.380,6.52,16.56
151.430,6.51,16.54
151.480,6.51,16.52
151.530,6.52,16.54
151.580,6.52,16.54
151.700,6.57,16.55
151.750,6.57,16.55
151.800,6.55,16.56
151.850,6.57,16.59
151.900,6.55,16.59
151.950,6.55,16.59
152.000,6.54,16.56
152.050,6.55,16.55
152.100,6.55,16.55
152.150,6.55,16.55
152.200,6.55,16.54
152.250,6.54,16.54
152.300,6.55,16.55
152.350,6.55,16.54
152.400,6.55,16.55
152.450,6.55,16.58
152.500,6.56,16.59
152.550,6.57,16.60
152.600,6.56,16.58
152.650,6.54,16.57
152.700,6.53,16.58
152.750,6.54,16.56
152.800,6.51,16.55
152.850,6.49,16.58
152.900,6.49,16.57
152.950,6.50,16.55
153.070,6.57,16.56
153.120,6.56,16.53
153.170,6.55,16.53
153.220,6.56,16.54
153.270,6.58,16.54
153.320,6.57,16.54
153.370,6.55,16.53
153.420,6.54,16.51
153.470,6.55,16.52
153.520,6.55,16.53
153.570,6.56,16.54
153.620,6.56,16.55
153.670,6.56,16.56
153.720,6.55,16.54
153.770,6.56,16.55
153.820,6.54,16.56
153.870,6.53,16.56
153.920,6.52,16.57
153.970,6.51,16.60
154.020,6.54,16.61
154.070,6.54,16.60
154.120,6.54,16.59
154.170,6.54,16.59
154.220,6.53,16.61
154.270,6.55,16.61
154.320,6.55,16.60
154.500,6.69,16.64
154.550,6.68,16.64
154.600,6.66,16.63
154.650,6.63,16.63
154.700,6.62,16.63
154.750,6.61,16.63
154.800,6.62,16.63
154.850,6.62,16.64
154.900,6.60,16.64
154.950,6.59,16.63
155.000,6.57,16.63
155.050,6.57,16.63
155.100,6.56,16.61
155.150,6.55,16.60
155.200,6.54,16.58
155.250,6.55,16.57
155.300,6.55,16.56
155.350,6.54,16.56
155.400,6.55,16.55
155.450,6.55,16.54
155.500,6.55,16.52
155.550,6.55,16.52
155.600,6.54,16.52
155.650,6.52,16.54
155.700,6.50,16.54
155.750,6.49,16.54
155.850,6.54,16.53
155.900,6.53,16.54
155.950,6.53,16.55
156.000,6.52,16.56
156.050,6.51,16.56
156.100,6.52,16.55
156.150,6.53,16.56
156.200,6.50,16.56
156.250,6.50,16.56
156.300,6.49,16.55
156.350,6.50,16.56
156.400,6.50,16.56
156.450,6.50,16.56
156.500,6.50,16.56
156.550,6.50,16.55
156.600,6.50,16.55
156.650,6.51,16.56
156.700,6.51,16.55
156.750,6.50,16.57
156.800,6.51,16.57
156.850,6.51,16.56
156.900,6.48,16.54
156.950,6.47,16.53
157.000,6.48,16.53
157.050,6.48,16.55
157.100,6.47,16.54
157.220,6.55,16.56
157.270,6.55,16.56
157.320,6.54,16.55
157.370,6.54,16.53
157.420,6.54,16.53
157.470,6.55,16.55
157.520,6.55,16.54
157.570,6.55,16.54
157.620,6.53,16.56
157.670,6.53,16.57
157.720,6.54,16.57
157.770,6.55,16.56
157.820,6.56,16.56
157.870,6.57,16.56
157.920,6.56,16.54
157.970,6.55,16.53
158.020,6.55,16.55
158.070,6.53,16.54
158.120,6.53,16.53
158.170,6.52,16.51
158.220,6.51,16.51
158.270,6.51,16.50
158.320,6.50,16.52
158.370,6.51,16.52
158.420,6.52,16.51
158.470,6.53,16.51
158.580,6.57,16.49
158.630,6.56,16.49
158.680,6.56,16.50
158.730,6.56,16.51
158.780,6.56,16.51
158.830,6.53,16.51
158.880,6.54,16.51
158.930,6.55,16.52
158.980,6.54,16.51
159.030,6.54,16.51
159.080,6.54,16.49
159.130,6.54,16.49
159.180,6.53,16.50
159.230,6.54,16.50
159.280,6.53,16.49
159.330,6.54,16.49
159.380,6.54,16.49
159.430,6.53,16.49
159.480,6.53,16.50
159.530,6.54,16.52
159.580,6.54,16.53
159.630,6.57,16.53
159.680,6.58,16.53
159.730,6.56,16.53
159.780,6.55,16.52
159.830,6.54,16.50
159.950,6.60,16.51
160.000,6.61,16.52
160.050,6.60,16.53
160.100,6.60,16.54
160.150,6.60,16.54
160.200,6.60,16.53
160.250,6.61,16.53
160.300,6.60,16.53
160.350,6.60,16.54
160.400,6.59,16.54
160.450,6.58,16.53
160.500,6.58,16.54
160.550,6.60,16.54
160.600,6.59,16.54
160.650,6.59,16.52
160.700,6.58,16.52
160.750,6.57,16.53
160.800,6.56,16.53
160.850,6.55,16.53
160.900,6.57,16.56
160.950,6.59,16.55
161.000,6.59,16.55
161.050,6.57,16.55
161.100,6.58,16.56
161.150,6.57,16.55
161.200,6.55,16.54
161.310,6.61,16.53
161.360,6.62,16.53
161.410,6.62,16.54
161.460,6.61,16.53
161.510,6.60,16.53
161.560,6.58,16.53
161.610,6.58,16.54
161.660,6.58,16.53
161.710,6.59,16.54
161.760,6.59,16.55
161.810,6.59,16.53
161.860,6.56,16.54
161.910,6.55,16.55
161.960,6.55,16.55
162.010,6.56,16.56
162.060,6.55,16.56
162.110,6.56,16.56
162.160,6.55,16.56
162.210,6.53,16.57
162.260,6.52,16.56
162.310,6.52,16.56
162.360,6.54,16.55
162.410,6.52,16.55
162.460,6.52,16.55
162.510,6.54,16.54
162.560,6.52,16.53
162.670,6.59,16.53
162.720,6.57,16.53
162.770,6.55,16.53
162.820,6.56,16.53
162.870,6.54,16.53
162.920,6.54,16.53
162.970,6.54,16.54
163.020,6.55,16.52
163.070,6.55,16.52
163.120,6.54,16.53
163.170,6.55,16.54
163.220,6.55,16.55
163.270,6.54,16.54
163.320,6.54,16.55
163.370,6.54,16.55
163.420,6.54,16.55
163.470,6.53,16.56
163.520,6.51,16.54
163.570,6.52,16.55
163.620,6.52,16.55
163.670,6.49,16.53
163.720,6.48,16.54
163.770,6.48,16.54
163.820,6.49,16.54
163.870,6.48,16.54
163.920,6.48,16.53
164.030,6.57,16.56
164.080,6.55,16.55
164.130,6.56,16.54
164.180,6.58,16.55
164.230,6.58,16.56
164.280,6.58,16.55
164.330,6.57,16.55
164.380,6.55,16.55
164.430,6.54,16.53
164.480,6.55,16.52
164.530,6.54,16.53
164.580,6.54,16.53
164.630,6.54,16.53
164.680,6.54,16.54
164.730,6.53,16.55
164.780,6.53,16.54
164.830,6.55,16.53
164.880,6.55,16.54
164.930,6.55,16.55
164.980,6.54,16.54
165.030,6.54,16.54
165.080,6.56,16.56
165.130,6.55,16.55
165.180,6.55,16.55
165.230,6.54,16.56
165.280,6.52,16.56
165.410,6.62,16.55
165.460,6.63,16.54
165.510,6.62,16.55
165.560,6.60,16.55
165.610,6.61,16.55
165.660,6.59,16.54
165.710,6.58,16.53
165.760,6.57,16.54
165.810,6.56,16.55
165.860,6.58,16.57
165.910,6.58,16.56
165.960,6.56,16.56
166.010,6.55,16.56
166.060,6.56,16.56
166.110,6.57,16.55
166.160,6.56,16.53
166.210,6.54,16.55
166.260,6.55,16.54
166.310,6.55,16.55
166.360,6.56,16.56
166.410,6.55,16.56
166.460,6.53,16.55
166.510,6.54,16.56
166.560,6.52,16.57
166.610,6.54,16.57
166.660,6.52,16.55
166.930,6.71,16.58
166.980,6.70,16.58
167.030,6.68,16.57
167.080,6.66,16.55
167.130,6.65,16.55
167.180,6.64,16.54
167.230,6.64,16.52
167.280,6.63,16.51
167.330,6.64,16.50
167.380,6.64,16.50
167.430,6.64,16.50
167.480,6.62,16.50
167.530,6.62,16.50
167.580,6.63,16.49
167.630,6.62,16.50
167.680,6.63,16.51
167.730,6.63,16.53
167.780,6.62,16.55
167.830,6.59,16.54
167.880,6.59,16.54
167.930,6.60,16.53
167.980,6.59,16.52
168.030,6.60,16.53
168.080,6.60,16.52
168.130,6.59,16.52
168.180,6.58,16.53
168.280,6.62,16.52
168.330,6.61,16.53
168.380,6.61,16.51
168.430,6.61,16.52
168.480,6.61,16.52
168.530,6.59,16.52
168.580,6.60,16.53
168.630,6.60,16.53
168.680,6.59,16.52
168.730,6.58,16.52
168.780,6.57,16.54
168.830,6.55,16.53
168.880,6.54,16.54
168.930,6.55,16.53
168.980,6.53,16.52
169.030,6.54,16.55
169.080,6.52,16.53
169.130,6.52,16.53
169.180,6.52,16.52
169.230,6.51,16.52
169.280,6.51,16.54
169.330,6.51,16.55
169.380,6.51,16.54
169.430,6.50,16.56
169.480,6.48,16.55
169.530,6.49,16.53
169.640,6.58,16.52
169.690,6.57,16.52
169.740,6.54,16.50
169.790,6.55,16.49
169.840,6.56,16.48
169.890,6.57,16.48
169.940,6.57,16.48
169.990,6.58,16.49
170.040,6.58,16.49
170.090,6.58,16.49
170.140,6.57,16.49
170.190,6.57,16.52
170.240,6.56,16.52
170.290,6.54,16.52
170.340,6.53,16.52
170.390,6.53,16.52
170.440,6.53,16.52
170.490,6.52,16.51
170.540,6.51,16.53
170.590,6.51,16.53
170.640,6.51,16.53
170.690,6.51,16.51
170.740,6.49,16.51
170.790,6.50,16.50
170.840,6.49,16.51
170.890,6.52,16.50
171.000,6.58,16.51
171.050,6.58,16.50
171.100,6.57,16.50
171.150,6.55,16.49
171.200,6.52,16.48
171.250,6.53,16.48
171.300,6.54,16.49
171.350,6.52,16.50
171.400,6.51,16.49
171.450,6.50,16.48
171.500,6.48,16.49
171.550,6.49,16.50
171.600,6.48,16.49
171.650,6.49,16.48
171.700,6.49,16.52
171.750,6.50,16.51
171.800,6.50,16.50
171.850,6.49,16.49
171.900,6.48,16.49
171.950,6.48,16.50
172.000,6.50,16.50
172.050,6.49,16.50
172.100,6.52,16.50
172.150,6.53,16.52
172.200,6.53,16.52
172.250,6.52,16.52
172.370,6.60,16.52
172.420,6.59,16.51
172.470,6.58,16.51
172.520,6.56,16.51
172.570,6.56,16.51
172.620,6.57,16.51
172.670,6.56,16.52
172.720,6.57,16.53
172.770,6.59,16.54
172.820,6.59,16.52
172.870,6.59,16.52
172.920,6.59,16.53
172.970,6.58,16.52
173.020,6.55,16.52
173.070,6.56,16.49
173.120,6.56,16.49
173.170,6.57,16.51
173.220,6.56,16.51
173.270,6.55,16.51
173.320,6.54,16.52
173.370,6.56,16.53
173.420,6.56,16.53
173.470,6.54,16.53
173.520,6.53,16.52
173.570,6.52,16.50
